Name,SMILES,Total Molweight,cLogP,H-Acceptors,H-Donors,Total Surface Area,Relative PSA,Rotatable Bonds,Senotherapeutics:,Leadlikeness
"(5-(2,4-bis((3S)-3-methylmorpholin-4-yl)pyrido(2,3-d)pyrimidin-7-yl)-2-methoxyphenyl)methanol",CC1COCCN1C2=NC(=NC3=C2C=CC(=N3)C4=CC(=C(C=C4)OC)CO)N5CCOCC5C,465.552,2.4865,9,1,351.95,0.23614,5,1,True
(E)-4-((2-N-(4-methoxybenzenesulfonyl)amino)stilbazole)1-oxide,COC1=CC=C(C=C1)S(=O)(=O)N=C2C=CC=CC2=CC=C3C=CN(C=C3)O,382.439,1.759,6,1,292.14,0.22845,3,1,True
10-decarbamoylmitomycin C,CC1=C(C(=O)C2=C(C1=O)N3CC4C(C3(C2CO)OC)N4)N,291.306,-1.6656,7,3,197.58,0.45359,2,1,True
10-hydroxycamptothecin,CCC1(C2=C(COC1=O)C(=O)N3CC4=C(C3=C2)N=C5C=CC(=CC5=C4)O)O,364.356,0.8381,7,2,246.2,0.31194,1,1,True
103D5R,CC(C1=C(C2=C(C=C1)OC(C=C2)(C)C)OC)N3C=NC4=C3C=CC=N4,335.406,4.0763,5,0,259.29,0.18824,3,1,True
11-nor-delta(9)-tetrahydrocannabinol-9-carboxylic acid,CCCCCC1=CC(=C2C3C=C(CCC3C(OC2=C1)(C)C)C(=O)O)O,344.449,4.8547,4,2,266.17,0.18499,5,1,True
"14-deoxy-11,12-didehydroandrographolide",CC12CCC(C(C1CCC(=C)C2C=CC3=CCOC3=O)(C)CO)O,332.438,2.4713,4,2,252.81,0.19477,3,1,True
"2',4'-dichlorobenzamil amiloride",C1=CC(=C(C=C1Cl)Cl)CNN=CNC(=O)C2=C(N=C(C(=N2)Cl)N)N,388.645,1.6264,8,4,273.03,0.36608,4,1,True
2-(1-(3-dimethylaminopropyl)-5-methoxyindol-3-yl)-3-(1H-indol-3-yl)maleimide,CN(C)CCCN1C=C(C2=C1C=CC(=C2)OC)C3=C(C(=O)NC3=O)C4=CNC5=CC=CC=C54,442.517,1.6506,7,2,335.73,0.21431,7,1,True
2-(4-nitrophenyl)-4-(4-fluorophenyl)-5-(4-pyridinyl)-1H-imidazole,C1=CC(=CC=C1C2=NC(=C(N2)C3=CC=NC=C3)C4=CC=C(C=C4)F)[N+](=O)[O-],360.347,3.1415,6,1,269.65,0.24606,4,1,True
2-phenyl-4-(3-pyridin-2-yl-1H-pyrazol-4-yl)pyridine,C1=CC=C(C=C1)C2=NC=CC(=C2)C3=C(NN=C3)C4=CC=CC=N4,298.348,2.802,4,1,238.39,0.19674,3,1,True
"3',4',7-trihydroxyisoflavone",C1=CC(=C(C=C1C2=COC3=C(C2=O)C=CC(=C3)O)O)O,270.239,1.6272,5,3,191.03,0.32634,1,1,True
3-((3-trifluoromethyl)phenyl)-5-((3-carboxyphenyl)methylene)-2-thioxo-4-thiazolidinone,C1=CC(=CC(=C1)N2C(=O)C(=CC3=CC=C(C=C3)C(=O)O)SC2=S)C(F)(F)F,409.407,3.2257,4,1,276.04,0.31959,4,1,True
3-(5'-hydroxymethyl-2'-furyl)-1-benzylindazole,C1=CC=C(C=C1)CN2C3=CC=CC=C3C(=N2)C4=CC=C(O4)CO,304.348,2.8289,4,1,238.9,0.18857,4,1,True
3-O-caffeoyl-1-methylquinic acid,COC1(CC(C(C(C1)OC(=O)C=CC2=CC(=C(C=C2)O)O)O)O)C(=O)O,368.337,-0.3406,9,5,261.2,0.42718,6,1,True
"3-Pyridinecarboxylic acid, 1,4-dihydro-2,6-dimethyl-5-nitro-4-(2-(trifluoromethyl)phenyl)-, Methyl ester",CC1=C(C(C(=C(N1)C)[N+](=O)[O-])C2=CC=CC=C2C(F)(F)F)C(=O)OC,356.299,2.6273,6,1,247.22,0.2626,5,1,True
3-deazaneplanocin,C1=CN=C(C2=C1N(C=N2)C3C=C(C(C3O)O)CO)N,262.268,-0.8991,7,4,184.62,0.45163,2,1,True
4'-O-methylalpinumisoflavone,CC1(C=CC2=C(O1)C=C3C(=C2O)C(=O)C(=CO3)C4=CC=C(C=C4)OC)C,350.369,3.2753,5,1,258.52,0.21716,2,1,True
"4,4'-Diisothiocyanostilbene-2,2'-Disulfonic Acid",C1=CC(=C(C=C1N=C=S)S(=O)(=O)O)C=CC2=C(C=C(C=C2)N=C=S)S(=O)(=O)O,454.527,1.9028,8,2,319.94,0.50753,6,1,True
4-((alpha-L-rhamnosyloxy)benzyl)isothiocyanate,CC1C(C(C(C(O1)OC2=CC=C(C=C2)CN=C=S)O)O)O,311.357,1.6027,6,3,232.61,0.42479,4,1,True
4-(4-(3-(pyridin-2-yl)-1H-pyrazol-4-yl)pyridin-2-yl)-N-(tetrahydro-2H-pyran-4-yl)benzamide,C1COCCC1NC(=O)C2=CC=C(C=C2)C3=NC=CC(=C3)C4=C(NN=C4)C5=CC=CC=N5,425.491,2.6325,7,2,331.64,0.24545,5,1,True
4-(4-fluorophenyl)-2-(4-hydroxyphenyl)-5-(4-pyridyl)imidazole,C1=CC(=CC=C1C2=NC(=C(N2)C3=CC=NC=C3)C4=CC=C(C=C4)F)O,331.349,3.7174,4,2,252.33,0.19431,3,1,True
"4-(5-benzo(1,3)dioxol-5-yl-4-pyridin-2-yl-1H-imidazol-2-yl)benzamide",C1OC2=C(O1)C=C(C=C2)C3=C(NC(=N3)C4=CC=C(C=C4)C(=O)N)C5=CC=CC=N5,384.394,3.252,7,2,286.16,0.29438,4,1,True
5'-methylthioadenosine,CSCC1C(C(C(O1)N2C=NC3=C(N=CN=C32)N)O)O,297.338,-0.6637,8,3,204.57,0.53155,3,1,True
"5,7,3'-trihydroxy-3,4'-dimethoxyflavone",COC1=C(C=C(C=C1)C2=C(C(=O)C3=C(C=C(C=C3O2)O)O)OC)O,330.291,2.1938,7,3,233.76,0.35224,3,1,True
"5,7-dihydroxy-2-methyl-8-(4-(3-hydroxy-1-methyl)-piperidinyl)-4H-1-benzopyran-4-one",CC1=CC(=O)C2=C(O1)C(=C(C=C2O)O)C3CCN(CC3O)C,305.329,1.6169,6,3,218.87,0.30105,1,1,True
"5,7-dihydroxy-3-(3-hydroxy-4-methoxybenzyl)-6-methoxychroman-4-one",COC1=C(C=C(C=C1)CC2COC3=C(C2=O)C(=C(C(=C3)O)OC)O)O,346.334,2.2107,7,3,250.86,0.32823,4,1,True
"5,7-dihydroxy-6-methoxy-2-phenylchromen-4-one",COC1=C(C2=C(C=C1O)OC(=CC2=O)C3=CC=CC=C3)O,284.266,2.6114,5,2,206.94,0.28627,2,1,True
"5-((5-fluoro-2-oxo-1,2-dihydro-3H-indol-3-ylidene)methyl)-N-(2-hydroxy-3-morpholin-4-ylpropyl)-2,4-dimethyl-1H-pyrrole-3-carboxamide",CC1=C(NC(=C1C(=O)NCC(CN2CCOCC2)O)C)C=C3C4=C(C=CC(=C4)F)NC3=O,442.489,0.425,8,4,331.3,0.27057,6,1,True
"5-amino-7-(cyclohexylamino)-1-ethyl-6-fluoro-4-oxo-1,4-dihydroquinoline-3-carboxylic acid",CCN1C=C(C(=O)C2=C1C=C(C(=C2N)F)NC3CCCCC3)C(=O)O,347.389,1.4135,6,3,256.77,0.27051,4,1,True
"5-chloro-N2-(1-(5-fluoropyridin-2-yl)ethyl)-N4-(5-isopropoxy-1H-pyrazol-3-yl)pyrimidine-2,4-diamine",CC(C)OC1=NNC(=C1)NC2=NC(=NC=C2Cl)NC(C)C3=NC=C(C=C3)F,391.837,2.7514,8,3,293.86,0.30896,7,1,True
"7,8-diacetoxy-4-methylcoumarin",CC1=CC(=O)OC2=C1C=CC(=C2OC(=O)C)OC(=O)C,276.243,1.549,6,0,204.5,0.338,4,1,True
"7,8-diacetoxy-4-methylthiocoumarin",CC1=CC(=S)OC2=C1C=CC(=C2OC(=O)C)OC(=O)C,292.31,1.7684,5,0,219.46,0.38312,4,1,True
9-methoxycamptothecin,CCC1(C2=C(COC1=O)C(=O)N3CC4=CC5=C(C=CC=C5OC)N=C4C3=C2)O,378.383,1.1138,7,1,262.11,0.28118,2,1,True
ABBV-744,CCNC(=O)C1=CC2=C(N1)C(=O)N(C=C2C3=C(C=CC(=C3)C(C)(C)O)OC4=C(C=C(C=C4C)F)C)C,491.561,4.0266,7,3,371.25,0.21059,6,1,True
AS602868,CC1=CC(=O)N(C1=O)NC2=NC(=NC3=C2C(=CC=C3)OC)C4=CC=CS4,366.4,3.1028,7,1,264.07,0.35366,4,1,True
AZ-628,CC1=C(C=C(C=C1)NC(=O)C2=CC(=CC=C2)C(C)(C)C#N)NC3=CC4=C(C=C3)N=CN(C4=O)C,451.529,4.6632,7,2,353.92,0.21932,5,1,True
AZD 1480,CC1=CC(=NN1)NC2=NC(=NC=C2Cl)NC(C)C3=NC=C(C=N3)F,348.772,1.3755,8,3,257.86,0.35585,5,1,True
Aflatoxin M1,COC1=C2C3=C(C(=O)CC3)C(=O)OC2=C4C(=C1)OC5C4(C=CO5)O,328.275,0.6222,7,1,213.22,0.37135,1,1,True
Axitinib,CNC(=O)C1=CC=CC=C1SC2=CC3=C(C=C2)C(=NN3)C=CC4=CC=CC=N4,386.478,3.4441,5,2,299.93,0.25979,5,1,True
BMS 536924,CC1=CC(=CC2=C1N=C(N2)C3=C(C=CNC3=O)NCC(C4=CC(=CC=C4)Cl)O)N5CCOCC5,479.966,1.2306,8,4,354.67,0.24691,6,1,True
BMS 754807,CC1(CCCN1C2=NN3C=CC=C3C(=N2)NC4=NNC(=C4)C5CC5)C(=O)NC6=CN=C(C=C6)F,461.504,2.3302,10,3,336.93,0.31262,6,1,True
Beclomethasone,CC1CC2C3CCC4=CC(=O)C=CC4(C3(C(CC2(C1(C(=O)CO)O)C)O)Cl)C,408.92,1.9842,5,3,277.9,0.23526,2,1,True
CPI-0610,CC1=NOC2=C1C3=CC=CC=C3C(=NC2CC(=O)N)C4=CC=C(C=C4)Cl,365.819,3.4003,5,1,270.91,0.23956,3,1,True
CPI203,CC1=C(SC2=C1C(=NC(C3=NN=C(N32)C)CC(=O)N)C4=CC=C(C=C4)Cl)C,399.905,3.1396,6,1,289.64,0.30724,3,1,True
CRT 0066101,CCC(CNC1=NC(=NC=C1)C2=C(C=CC(=C2)C3=CN(N=C3)C)O)N,338.414,1.0091,7,3,269.13,0.29581,6,1,True
CU-CPT22,CCCCCCOC(=O)C1=CC(=O)C(=C2C(=C1)C=C(C(=C2O)O)OC)O,362.377,1.8242,7,3,274.34,0.31122,8,1,True
Camptothecin,CCC1(C2=C(COC1=O)C(=O)N3CC4=CC5=CC=CC=C5N=C4C3=C2)O,348.357,1.1838,6,1,239.85,0.26558,1,1,True
Catechin,C1C(C(OC2=CC(=CC(=C21)O)O)C3=CC(=C(C=C3)O)O)O,290.27,1.5087,6,5,200.03,0.37744,1,1,True
Cefadroxil,CC1=C(N2C(C(C2=O)NC(=O)C(C3=CC=C(C=C3)O)N)SC1)C(=O)O,363.393,-2.3737,8,4,246.42,0.45893,4,1,True
Cephalothin,CC(=O)OCC1=C(N2C(C(C2=O)NC(=O)CC3=CC=CS3)SC1)C(=O)O,396.443,0.5912,8,2,270.26,0.47406,7,1,True
Chir 99021,CC1=CN=C(N1)C2=CN=C(N=C2C3=C(C=C(C=C3)Cl)Cl)NCCNC4=NC=C(C=C4)C#N,465.347,3.6043,8,3,352.4,0.26774,7,1,True
Cloxacillin,CC1=C(C(=NO1)C2=CC=CC=C2Cl)C(=O)NC3C4N(C3=O)C(C(S4)(C)C)C(=O)O,435.887,2.7038,8,2,293.43,0.37419,4,1,True
Colchicine,CC(=O)NC1CCC2=CC(=C(C(=C2C3=CC=C(C(=O)C=C13)OC)OC)OC)OC,399.442,1.863,7,1,308.67,0.25121,5,1,True
Colforsin,CC(=O)OC1C(C2C(CCC(C2(C3(C1(OC(CC3=O)(C)C=C)C)O)C)O)(C)C)O,410.505,1.3206,7,3,288.98,0.29545,3,1,True
Coumestrol,C1=CC2=C(C=C1O)OC3=C2C(=O)OC4=C3C=CC(=C4)O,268.224,2.8407,5,2,184.26,0.34381,0,1,True
Crizotinib,CC(C1=C(C=CC(=C1Cl)F)Cl)OC2=C(N=CC(=C2)C3=CN(N=C3)C4CCNCC4)N,450.344,3.5382,6,2,325.47,0.20137,5,1,True
Cytochalasin B,CC1CCCC(C=CC(=O)OC23C(C=CC1)C(C(=C)C(C2C(NC3=O)CC4=CC=CC=C4)C)O)O,479.615,4.382,6,3,369.4,0.19962,2,1,True
Dasatinib,CC1=C(C(=CC=C1)Cl)NC(=O)C2=CN=C(S2)NC3=CC(=NC(=N3)C)N4CCN(CC4)CCO,488.014,3.6259,9,3,361.62,0.30261,7,1,True
Dexamethasone,CC1CC2C3CCC4=CC(=O)C=CC4(C3(C(CC2(C1(C(=O)CO)O)C)O)F)C,392.465,1.2884,5,3,268.83,0.2432,2,1,True
Dicumarol,C1=CC=C2C(=C1)C(=C(C(=O)O2)CC3=C(C4=CC=CC=C4OC3=O)O)O,336.298,2.588,6,2,233.82,0.30913,2,1,True
ETP-45299,CC1=CC2=NC=C(N2N=C1NCC3=CC=C(C=C3)OC)C(=O)NC4=CC=CC=C4,387.442,2.4542,7,2,304.5,0.2491,6,1,True
Ellagic Acid,C1=C2C3=C(C(=C1O)O)OC(=O)C4=CC(=C(C(=C43)OC2=O)O)O,302.194,1.2774,8,4,186.92,0.52686,0,1,True
FR 180204,C1=CC=C(C=C1)C2=NN3C=CC=CC3=C2C4=CC5=C(NN=C5N=N4)N,327.35,1.1184,7,2,245.76,0.32996,2,1,True
Floxacillin,CC1=C(C(=NO1)C2=C(C=CC=C2Cl)F)C(=O)NC3C4N(C3=O)C(C(S4)(C)C)C(=O)O,453.877,2.8046,8,2,299.78,0.36627,4,1,True
Fluorescein-5-isothiocyanate,C1=CC2=C(C=C1N=C=S)C(=O)OC23C4=C(C=C(C=C4)O)OC5=C3C=CC(=C5)O,389.386,4.9759,6,2,271.92,0.36316,1,1,True
GDP 366,CC1=CC(=CC=C1)NC(=O)NC2=CC=C(C=C2)C3=CSC4=NC=NC(=C34)N,375.455,3.9504,6,3,282.29,0.33133,3,1,True
GLX351322,CCOC(=O)C1=C(SC2=C1CCC2)NC(=O)CN3CCN(CC3)C(=O)C4=CC=CO4,431.512,2.6147,8,1,323.06,0.3162,7,1,True
GSK0660,COC1=C(C=CC(=C1)NC2=CC=CC=C2)NS(=O)(=O)C3=C(SC=C3)C(=O)OC,418.493,3.1987,7,2,302.49,0.34679,7,1,True
GSK1210151A,CC1=C(C(=NO1)C)C2=C(C=C3C(=C2)N=CC4=C3N(C(=O)N4)C(C)C5=CC=CC=N5)OC,415.452,2.7788,8,1,310.9,0.27362,4,1,True
GSK2141795,CN1C(=C(C=N1)Cl)C2=C(OC(=C2)C(=O)NC(CC3=CC(=C(C=C3)F)F)CN)Cl,429.253,2.4936,6,2,303.98,0.23594,6,1,True
GSK690693,CCN1C2=C(C(=NC=C2OCC3CCCNC3)C#CC(C)(C)O)N=C1C4=NON=C4N,425.491,1.8279,10,3,336.43,0.3409,6,1,True
GW 506033X,C1=CC2=C(C3=C1NC(=O)C3=CC4=CN=CN4)SC=N2,268.3,0.4343,5,2,191.07,0.42283,1,1,True
GW8510,C1=CC=NC(=C1)NS(=O)(=O)C2=CC=C(C=C2)N=CC3=C(NC4=C3C5=C(C=C4)N=CS5)O,449.514,2.6825,8,3,316.16,0.38253,4,1,True
Genistein,C1=CC(=CC=C1C2=COC3=CC(=CC(=C3C2=O)O)O)O,270.239,1.6272,5,3,191.03,0.32634,1,1,True
Glyburide,COC1=C(C=C(C=C1)Cl)C(=O)NCCC2=CC=C(C=C2)S(=O)(=O)NC(=O)NC3CCCCC3,494.01,3.9494,8,3,364.48,0.27173,7,1,True
HTS 466284,C1=CC=C2C(=C1)C(=CC=N2)C3=C(NN=C3)C4=CC=CC=N4,272.31,2.3687,4,1,213.23,0.21995,2,1,True
IC 87114,CC1=C2C(=CC=C1)N=C(N(C2=O)C3=CC=CC=C3C)CN4C=NC5=C(N=CN=C54)N,397.441,2.2895,8,1,297.18,0.2798,3,1,True
INCB054329,CC1=C(C(=NO1)C)C2=C3C4=C(C=C2)NC(=O)N4C(CO3)C5=CC=CC=N5,348.361,2.3432,7,1,253.28,0.29256,2,1,True
INCB057643,CC1(C(=O)N(C2=CC(=CC(=C2O1)C3=CN(C(=O)C4=C3C=CN4)C)S(=O)(=O)C)C)C,415.469,0.5127,8,1,286.69,0.2991,2,1,True
Indirubin E804,C1=CC=C2C(=C1)C(=C(N2)O)C3=NC4=CC=CC=C4C3=NOCCC(CO)O,365.388,2.734,7,4,272.46,0.31678,6,1,True
JTE 013,CC1=NN(C2=C1C(=CC(=N2)NNC(=O)NC3=CC(=NC(=C3)Cl)Cl)C(C)C)C,408.292,4.2542,8,3,297.61,0.293,4,1,True
Ku 0063794,CC1CN(CC(O1)C)C2=NC3=C(C=CC(=N3)C4=CC(=C(C=C4)OC)CO)C(=N2)N5CCOCC5,465.552,2.4865,9,1,351.95,0.23614,5,1,True
LGK974,CC1=CC(=CN=C1C2=CC(=NC=C2)C)CC(=O)NC3=NC=C(C=C3)C4=NC=CN=C4,396.453,2.3943,7,1,313.83,0.25284,5,1,True
LY-2157299,CC1=NC(=CC=C1)C2=NN3CCCC3=C2C4=C5C=C(C=CC5=NC=C4)C(=O)N,369.427,3.2898,6,1,279.17,0.2439,3,1,True
Lovastatin,CCC(C)C(=O)OC1CC(C=C2C1C(C(C=C2)C)CCC3CC(CC(=O)O3)O)C,404.545,3.895,5,1,317.66,0.1863,7,1,True
Luteolin,C1=CC(=C(C=C1C2=CC(=O)C3=C(C=C(C=C3O2)O)O)O)O,286.238,1.99,6,4,197.38,0.38221,1,1,True
MK 2206,C1CC(C1)(C2=CC=C(C=C2)C3=C(C=C4C(=N3)C=CN5C4=NNC5=O)C6=CC=CC=C6)N,407.476,3.8716,6,2,300.23,0.21917,3,1,True
Meloxicam,CC1=CN=C(S1)NC(=O)C2=C(C3=CC=CC=C3S(=O)(=O)N2C)O,351.406,1.9072,7,2,236.1,0.42804,2,1,True
Meropenem,CC1C2C(C(=O)N2C(=C1SC3CC(NC3)C(=O)N(C)C)C(=O)O)C(C)O,383.468,-3.1042,8,3,262.98,0.38547,5,1,True
Methylprednisolone,CC1CC2C3CCC(C3(CC(C2C4(C1=CC(=O)C=C4)C)O)C)(C(=O)CO)O,374.475,1.4107,5,3,264.57,0.24712,2,1,True
Minocycline,CN(C)C1C2CC3CC4=C(C=CC(=C4C(=C3C(=O)C2(C(=C(C1=O)C(=O)N)O)O)O)O)N(C)C,457.481,-1.0304,10,5,310.84,0.36639,3,1,True
Miransertib,C1CC(C1)(C2=CC=C(C=C2)N3C4=C(C=CC(=N4)C5=CC=CC=C5)N=C3C6=C(N=CC=C6)N)N,432.53,4.1126,6,2,327.85,0.21449,4,1,True
Mitomycin,CC1=C(C(=O)C2=C(C1=O)N3CC4C(C3(C2COC(=O)N)OC)N4)N,334.331,-1.8035,9,3,227.5,0.50475,4,1,True
Monocrotaline,CC1C(=O)OC2CCN3C2C(=CC3)COC(=O)C(C1(C)O)(C)O,325.36,-0.1378,7,2,226.35,0.33501,0,1,True
Mycophenolic Acid,CC1=C2COC(=O)C2=C(C(=C1OC)CC=C(C)CCC(=O)O)O,320.34,2.297,6,2,244.49,0.29564,6,1,True
N'-(3-bromo-4-hydroxybenzylidene)-2-(9-oxo-10(9H)-acridinyl)acetohydrazide,C1=CC=C2C(=C1)C(=O)C3=CC=CC=C3N2CC(=O)NN=CC4=CC(=C(C=C4)O)Br,450.291,4.6874,6,2,300.04,0.21897,4,1,True
"N-(3-chloro-7-indolyl)-1,4-benzenedisulphonamide",C1=CC2=C(C(=C1)NS(=O)(=O)C3=CC=C(C=C3)S(=O)(=O)N)NC=C2Cl,385.851,1.3681,7,3,249.75,0.39191,3,1,True
N-(cyanomethyl)-4-(2-((4-(4-morpholinyl)phenyl)amino)-4-pyrimidinyl)benzamide,C1COCCN1C2=CC=C(C=C2)NC3=NC=CC(=N3)C4=CC=C(C=C4)C(=O)NCC#N,414.468,2.5062,8,2,328.28,0.25896,6,1,True
"N-acetylglucosaminono-1,5-lactone O-(phenylcarbamoyl)oxime",CC(=O)NC1C(C(C(OC1=NOC(=O)NC2=CC=CC=C2)CO)O)O,353.33,-0.507,10,5,256.22,0.46761,5,1,True
NE-52-qq57,CCC1=NN2C(=CC(=NC2=C1CC3=CC=C(C=C3)C4=NN=C(O4)C5CCNCC5)C)C,416.527,3.5314,7,1,332.56,0.23274,5,1,True
NSC 689534,C1=CC=NC(=C1)CN(CC2=CC=CC=N2)C(=S)NN=CC3=CC=CC=N3,362.46,2.1455,6,1,295.81,0.29556,6,1,True
NSC 74859,CC1=CC=C(C=C1)S(=O)(=O)OCC(=O)NC2=CC(=C(C=C2)C(=O)O)O,365.361,1.1457,8,3,257.28,0.3977,6,1,True
NSC-87877,C1=CC2=C(C=C(C(=C2N=C1)O)N=NC3=CC4=C(C=C3)C=C(C=C4)S(=O)(=O)O)S(=O)(=O)O,459.458,0.5679,10,3,300.21,0.43453,4,1,True
NSC668394,C1=CC2=C(C(=O)C(=CC2=O)NCCC3=CC(=C(C(=C3)Br)O)Br)N=C1,452.101,2.8993,5,2,261.08,0.23598,4,1,True
Nocodazole,COC(=O)NC1=NC2=C(N1)C=C(C=C2)C(=O)C3=CC=CS3,301.325,2.5322,6,2,221.11,0.41997,4,1,True
ON123300,CN1CCN(CC1)C2=CC=C(C=C2)NC3=NC=C4C=C(C(=O)N(C4=N3)C5CCCC5)C#N,429.526,2.6714,8,1,331.41,0.21318,4,1,True
OSI 027,COC1=CC=CC2=C1NC(=C2)C3=C4C(=NC=NN4C(=N3)C5CCC(CC5)C(=O)O)N,406.445,1.4893,9,3,300.14,0.35403,4,1,True
OTX015,CC1=C(SC2=C1C(=NC(C3=NN=C(N32)C)CC(=O)NC4=CC=C(C=C4)O)C5=CC=C(C=C5)Cl)C,492.002,4.8541,7,2,358.69,0.274,4,1,True
Olanzapine,CC1=CC2=C(S1)NC3=CC=CC=C3N=C2N4CCN(CC4)C,312.44,3.0388,4,1,236.55,0.21319,0,1,True
Omeprazole,CC1=CN=C(C(=C1OC)C)CS(=O)C2=NC3=C(N2)C=C(C=C3)OC,345.422,2.092,6,1,260.23,0.30223,5,1,True
PF 00477736,CN1C=C(C=N1)C2=C3C=NNC(=O)C4=C3C(=CC(=C4)NC(=O)C(C5CCCCC5)N)N2,419.488,0.8754,9,4,315.91,0.34064,4,1,True
PF 3758309,CC1=NC2=C(C(=N1)NC3=NNC4=C3CN(C4(C)C)C(=O)NC(CN(C)C)C5=CC=CC=C5)SC=C2,490.634,2.4762,9,3,368.67,0.29924,6,1,True
PI103,C1COCCN1C2=NC(=NC3=C2OC4=C3C=CC=N4)C5=CC(=CC=C5)O,348.361,2.5871,7,1,256.38,0.28735,2,1,True
PIK 75,CC1=C(C=C(C=C1)[N+](=O)[O-])S(=O)(=O)N(C)N=CC2=CN=C3N2C=C(C=C3)Br,452.288,1.1697,9,0,287.49,0.32342,4,1,True
PKI 166,CC(C1=CC=CC=C1)NC2=NC=NC3=C2C=C(N3)C4=CC=C(C=C4)O,330.39,3.5264,5,3,257.04,0.23533,4,1,True
PP242,CC(C)N1C2=NC=NC(=C2C(=N1)C3=CC4=C(N3)C=CC(=C4)O)N,308.344,1.7109,7,3,229.16,0.35844,2,1,True
PQQ Cofactor,C1=C(C2=C(C(=O)C(=O)C3=C2NC(=C3)C(=O)O)N=C1C(=O)O)C(=O)O,330.208,-0.8801,10,4,215.65,0.60032,3,1,True
Phenolsulfonphthalein,C1=CC=C2C(=C1)C(OS2(=O)=O)(C3=CC=C(C=C3)O)C4=CC=C(C=C4)O,354.381,3.1333,5,2,240.97,0.26883,2,1,True
Prednisolone,CC12CC(C3C(C1CCC2(C(=O)CO)O)CCC4=CC(=O)C=CC34C)O,360.448,1.1414,5,3,253.57,0.25784,2,1,True
Prodigiosin,CCCCCC1=C(NC(=C1)C=C2C(=CC(=N2)C3=CC=CN3)OC)C,323.439,3.7106,4,2,272.87,0.18137,7,1,True
Riboflavin,CC1=CC2=C(C=C1C)N(C3=NC(=O)NC(=O)C3=N2)CC(C(C(CO)O)O)O,376.368,-2.0663,10,5,264.4,0.44066,5,1,True
Rimonabant,CC1=C(N(N=C1C(=O)NN2CCCCC2)C3=C(C=C(C=C3)Cl)Cl)C4=CC=C(C=C4)Cl,463.795,4.2064,5,1,334.07,0.13737,4,1,True
Ro 31-8220,CN1C=C(C2=CC=CC=C21)C3=C(C(=O)NC3=O)C4=CN(C5=CC=CC=C54)CCCSC(=N)N,457.557,1.5945,7,3,336.86,0.29579,7,1,True
Rosmarinic Acid,C1=CC(=C(C=C1CC(C(=O)O)OC(=O)C=CC2=CC(=C(C=C2)O)O)O)O,360.317,1.4502,8,5,263.03,0.38619,7,1,True
Rotenone,CC(=C)C1CC2=C(O1)C=CC3=C2OC4COC5=CC(=C(C=C5C4C3=O)OC)OC,394.422,4.5323,6,0,284.82,0.22133,3,1,True
SB 203580,CS(=O)C1=CC=C(C=C1)C2=NC(=C(N2)C3=CC=NC=C3)C4=CC=C(C=C4)F,377.442,3.5687,4,1,280.96,0.20875,4,1,True
SD-208,C1=CC(=C(C=C1Cl)C2=NC3=NC=CN=C3C(=N2)NC4=CC=NC=C4)F,352.759,3.0476,6,1,254.41,0.26064,3,1,True
SNX 2112,CC1(CC2=C(C(=O)C1)C(=NN2C3=CC(=C(C=C3)C(=O)N)NC4CCC(CC4)O)C(F)(F)F)C,464.486,2.4294,7,3,327.76,0.25552,5,1,True
SP2509,CC(=NNC(=O)C1=CC(=CC=C1)S(=O)(=O)N2CCOCC2)C3=C(C=CC(=C3)Cl)O,437.903,2.4426,8,2,309.65,0.29466,4,1,True
SRT2183,C1CN(CC1O)CC2=CSC3=NC(=CN23)C4=CC=CC=C4NC(=O)C5=CC6=CC=CC=C6C=C5,468.58,4.4407,6,2,347.23,0.23163,5,1,True
ST 1481,CCC1(C2=C(COC1=O)C(=O)N3CC4=C(C5=CC=CC=C5N=C4C3=C2)C=NOC(C)(C)C)O,447.49,3.088,8,1,321.8,0.26479,4,1,True
STA 9090,CC(C)C1=C(C=C(C(=C1)C2=NNC(=O)N2C3=CC4=C(C=C3)N(C=C4)C)O)O,364.404,3.4394,7,3,267.78,0.27123,3,1,True
STF-118804,CC1=CC=C(C=C1)S(=O)(=O)CC2=C(OC(=N2)C3=CC=C(C=C3)C(=O)NCC4=CN=CC=C4)C,461.541,3.013,7,1,349.58,0.25496,7,1,True
Silybin,COC1=C(C=CC(=C1)C2C(OC3=C(O2)C=C(C=C3)C4C(C(=O)C5=C(C=C(C=C5O4)O)O)O)CO)O,482.44,2.1266,10,5,331.3,0.3578,4,1,True
Silymarin,COC1=C(C=CC(=C1)C2C(OC3=C(O2)C=C(C=C3)C4C(C(=O)C5=C(C=C(C=C5O4)O)O)O)CO)O,482.44,2.1266,10,5,331.3,0.3578,4,1,True
Simvastatin,CCC(C)(C)C(=O)OC1CC(C=C2C1C(C(C=C2)C)CCC3CC(CC(=O)O3)O)C,418.572,4.4608,5,1,327.83,0.18052,7,1,True
StemRegenin 1,CC(C)N1C=NC2=C(N=C(N=C21)C3=CSC4=CC=CC=C43)NCCC5=CC=C(C=C5)O,429.547,4.838,6,2,325.75,0.26002,6,1,True
Sulfasalazine,C1=CC=NC(=C1)NS(=O)(=O)C2=CC=C(C=C2)N=NC3=CC(=C(C=C3)O)C(=O)O,398.398,2.6508,9,3,285.05,0.39737,5,1,True
Topotecan,CCC1(C2=C(COC1=O)C(=O)N3CC4=CC5=C(C=CC(=C5CN(C)C)O)N=C4C3=C2)O,421.452,0.461,8,2,294.78,0.27258,3,1,True
Triamterene,C1=CC=C(C=C1)C2=NC3=C(N=C(N=C3N=C2N)N)N,253.268,0.6075,7,3,188.22,0.47652,1,1,True
Troglitazone,CC1=C(C2=C(CCC(O2)(C)COC3=CC=C(C=C3)CC4C(=O)NC(=O)S4)C(=C1O)C)C,441.546,4.3852,6,2,323.81,0.27217,5,1,True
U 0126,C1=CC=C(C(=C1)N)SC(=C(C#N)C(=C(N)SC2=CC=CC=C2N)C#N)N,380.499,2.0552,6,4,291.34,0.4228,5,1,True
VS-5584,CC1=NC2=C(N=C(N=C2N1C(C)C)N3CCOCC3)C4=CN=C(N=C4)N,354.417,1.0062,9,1,270.26,0.33501,3,1,True
Vemurafenib,CCCS(=O)(=O)NC1=C(C(=C(C=C1)F)C(=O)C2=CNC3=C2C=C(C=N3)C4=CC=C(C=C4)Cl)F,489.929,4.5779,6,2,341.4,0.22859,6,1,True
Wortmannin,CC(=O)OC1CC2(C(CCC2=O)C3=C1C4(C(OC(=O)C5=COC(=C54)C3=O)COC)C)C,428.436,1.6247,8,0,295.27,0.32604,4,1,True
XMU-MP-1,CN1C2=C(C(=O)N(C3=CN=C(N=C31)NC4=CC=C(C=C4)S(=O)(=O)N)C)SC=C2,416.485,2.0613,9,2,284.17,0.41436,3,1,True
abexinostat,CN(C)CC1=C(OC2=CC=CC=C21)C(=O)NCCOC3=CC=C(C=C3)C(=O)NO,397.43,1.6226,8,3,308.18,0.29126,8,1,True
acalabrutinib,CC#CC(=O)N1CCCC1C2=NC(=C3N2C=CN=C3N)C4=CC=C(C=C4)C(=O)NC5=CC=CC=N5,465.516,2.6784,9,2,362.43,0.26824,4,1,True
aflatoxin G1,COC1=C2C3=C(C(=O)OCC3)C(=O)OC2=C4C5C=COC5OC4=C1,328.275,0.9548,7,0,218.96,0.34746,1,1,True
afuresertib,CN1C(=C(C=N1)Cl)C2=C(SC(=C2)C(=O)NC(CC3=CC(=CC=C3)F)CN)Cl,427.33,3.178,5,2,303.88,0.25658,6,1,True
alternariol,CC1=CC(=CC2=C1C3=C(C(=CC(=C3)O)O)C(=O)O2)O,258.228,2.2963,5,3,178.58,0.34909,0,1,True
alvocidib,CN1CCC(C(C1)O)C2=C(C=C(C3=C2OC(=CC3=O)C4=CC=CC=C4Cl)O)O,401.845,3.5175,6,3,281.79,0.23383,2,1,True
andrographolide,CC12CCC(C(C1CCC(=C)C2CC=C3C(COC3=O)O)(C)CO)O,350.453,1.883,5,3,258.92,0.24077,3,1,True
arzanol,CCC1=C(C(=C(C(=O)O1)CC2=C(C(=C(C(=C2O)CC=C(C)C)O)C(=O)C)O)O)C,402.441,3.5815,7,4,303.79,0.29125,6,1,True
asiatic acid,CC1CCC2(CCC3(C(=CCC4C3(CCC5C4(CC(C(C5(C)CO)O)O)C)C)C2C1C)C)C(=O)O,488.706,4.2233,5,4,350.81,0.18654,2,1,True
atranorin,CC1=CC(=C(C(=C1C(=O)OC2=C(C(=C(C(=C2)C)C(=O)OC)O)C)O)C=O)O,374.344,2.931,8,3,276.15,0.3564,6,1,True
auriculasin,CC(=CCC1=C2C(=C(C3=C1OC=C(C3=O)C4=CC(=C(C=C4)O)O)O)C=CC(O2)(C)C)C,420.46,4.6764,6,3,311.95,0.2319,3,1,True
beclomethasone 17-monopropionate,CCC(=O)OC1(C(CC2C1(CC(C3(C2CCC4=CC(=O)C=CC43C)Cl)O)C)C)C(=O)CO,464.984,2.9232,6,2,325.32,0.23153,5,1,True
bergenin,COC1=C(C=C2C(=C1O)C3C(C(C(C(O3)CO)O)O)OC2=O)O,328.272,-1.626,9,5,214.28,0.50653,2,1,True
bicalutamide,CC(CS(=O)(=O)C1=CC=C(C=C1)F)(C(=O)NC2=CC(=C(C=C2)C#N)C(F)(F)F)O,430.377,2.1426,6,2,291.11,0.27392,6,1,True
bisindolylmaleimide,C1=CC=C2C(=C1)C(=CN2)C3=C(C(=O)NC3=O)C4=CNC5=CC=CC=C54,327.342,1.5839,5,3,237.74,0.2756,2,1,True
bisindolylmaleimide I,CN(C)CCCN1C=C(C2=CC=CC=C21)C3=C(C(=O)NC3=O)C4=CNC5=CC=CC=C54,412.492,1.7206,6,2,313.47,0.19763,6,1,True
bisindolylmaleimide IX,CN1C=C(C2=CC=CC=C21)C3=C(C(=O)NC3=O)C4=CN(C5=CC=CC=C54)CCCSC(=N)N,457.557,1.5945,7,3,336.86,0.29579,7,1,True
bisoxatin acetate,CC(=O)OC1=CC=C(C=C1)C2(C(=O)NC3=CC=CC=C3O2)C4=CC=C(C=C4)OC(=O)C,417.416,3.2815,7,1,308.92,0.26084,6,1,True
brassinolide,CC(C)C(C)C(C(C(C)C1CCC2C1(CCC3C2COC(=O)C4C3(CC(C(C4)O)O)C)C)O)O,480.683,3.2214,6,4,353.35,0.2135,5,1,True
brazilein,C1C2=CC(=C(C=C2C3=C4C=CC(=O)C=C4OCC31O)O)O,284.266,0.6189,5,3,191.62,0.32533,0,1,True
calycosin-7-O-beta-D-glucoside,COC1=C(C=C(C=C1)C2=COC3=C(C2=O)C=CC(=C3)OC4C(C(C(C(O4)CO)O)O)O)O,446.407,-0.0864,10,5,308.75,0.38394,5,1,True
capivasertib,C1CN(CCC1(C(=O)NC(CCO)C2=CC=C(C=C2)Cl)N)C3=NC=NC4=C3C=CN4,428.923,1.1671,8,4,316.48,0.2918,6,1,True
capsazepine,C1CC2=CC(=C(C=C2CN(C1)C(=S)NCCC3=CC=C(C=C3)Cl)O)O,376.907,3.6655,4,3,284.67,0.24312,3,1,True
casticin,COC1=C(C=C(C=C1)C2=C(C(=O)C3=C(C(=C(C=C3O2)OC)OC)O)OC)O,374.344,2.3995,8,2,271.93,0.32817,5,1,True
cinobufotalin,CC(=O)OC1C(C2(CCC3C(C24C1O4)CCC5(C3(CCC(C5)O)C)O)C)C6=COC(=O)C=C6,458.549,1.5083,7,2,319.3,0.28165,3,1,True
columbamine,COC1=C(C2=C[N+]3=C(C=C2C=C1)C4=CC(=C(C=C4CC3)OC)O)OC,338.382,-0.0048001,5,1,252.07,0.18193,3,1,True
crenigacestat,CC(C(=O)NC1C2=CC=CC=C2C3=C(N=CC=C3)N(C1=O)CCO)NC(=O)CCC(F)(F)F,464.443,1.737,8,3,332.86,0.26936,8,1,True
daidzin,C1=CC(=CC=C1C2=COC3=C(C2=O)C=CC(=C3)OC4C(C(C(C(O4)CO)O)O)O)O,416.381,-0.0164,9,5,286.49,0.37886,4,1,True
darbufelone,CC(C)(C)C1=CC(=CC(=C1O)C(C)(C)C)C=C2C(=O)NC(=N)S2,332.467,3.9085,4,3,252.21,0.28028,3,1,True
deacylcortivazol,CC1CC2C3C=C(C4=CC5=C(CC4(C3C(CC2(C1(C(=O)CO)O)C)O)C)C=NN5C6=CC=CC=C6)C,488.626,2.6581,6,3,351.01,0.19994,3,1,True
entinostat,C1=CC=C(C(=C1)N)NC(=O)C2=CC=C(C=C2)CNC(=O)OCC3=CN=CC=C3,376.415,2.1633,7,3,296.0,0.28797,7,1,True
enzalutamide,CC1(C(=O)N(C(=S)N1C2=CC(=C(C=C2)C(=O)NC)F)C3=CC(=C(C=C3)C#N)C(F)(F)F)C,464.442,3.5872,6,1,324.5,0.26564,4,1,True
epothilone A,CC1CCCC2C(O2)CC(OC(=O)CC(C(C(=O)C(C1O)C)(C)C)O)C(=CC3=CSC(=N3)C)C,493.663,4.1813,7,2,381.79,0.29142,2,1,True
epsilon-viniferin,C1=CC(=CC=C1C=CC2=C3C(C(OC3=CC(=C2)O)C4=CC=C(C=C4)O)C5=CC(=CC(=C5)O)O)O,454.477,4.8239,6,5,332.29,0.22721,4,1,True
eriodictyol,C1C(OC2=CC(=CC(=C2C1=O)O)O)C3=CC(=C(C=C3)O)O,288.254,1.81,6,4,198.93,0.37923,1,1,True
eupafolin,COC1=C(C2=C(C=C1O)OC(=CC2=O)C3=CC(=C(C=C3)O)O)O,316.264,1.92,7,4,219.64,0.389,2,1,True
eurycomanone,CC1=CC(=O)C(C2(C1CC3C45C2C(C(C(=C)C4(C(C(=O)O3)O)O)O)(OC5)O)C)O,408.402,-1.7372,9,5,249.39,0.44741,0,1,True
evernic acid,CC1=CC(=CC(=C1C(=O)OC2=CC(=C(C(=C2)C)C(=O)O)O)O)OC,332.307,2.5016,7,3,244.35,0.34942,5,1,True
fisetin,C1=CC(=C(C=C1C2=C(C(=O)C3=C(O2)C=C(C=C3)O)O)O)O,286.238,1.8359,6,4,195.59,0.3857,1,1,True
gamabufotalin,CC12CCC(CC1CCC3C2C(CC4(C3(CCC4C5=COC(=O)C=C5)O)C)O)O,402.529,2.1448,5,3,284.84,0.21886,1,1,True
gedunin,CC(=O)OC1CC2C(C(=O)C=CC2(C3C1(C45C(O4)C(=O)OC(C5(CC3)C)C6=COC=C6)C)C)(C)C,482.571,2.8838,7,0,342.24,0.26554,3,1,True
geniposide,COC(=O)C1=COC(C2C1CC=C2CO)OC3C(C(C(C(O3)CO)O)O)O,388.368,-2.1498,10,5,265.46,0.44655,6,1,True
glimepiride,CCC1=C(CN(C1=O)C(=O)NCCC2=CC=C(C=C2)S(=O)(=O)NC(=O)NC3CCC(CC3)C)C,490.623,3.5186,9,3,367.55,0.28739,6,1,True
glycitein,COC1=C(C=C2C(=C1)C(=O)C(=CO2)C3=CC=C(C=C3)O)O,284.266,1.9029,5,2,206.94,0.28627,2,1,True
glycitin,COC1=C(C=C2C(=C1)C(=O)C(=CO2)C3=CC=C(C=C3)O)OC4C(C(C(C(O4)CO)O)O)O,446.407,-0.0864,10,5,308.75,0.38394,5,1,True
gyrophoric acid,CC1=CC(=CC(=C1C(=O)OC2=CC(=C(C(=C2)C)C(=O)OC3=CC(=C(C(=C3)C)C(=O)O)O)O)O)O,468.413,3.6546,10,5,334.56,0.37249,7,1,True
hellebrigenin,CC12CCC3C(C1(CCC2C4=COC(=O)C=C4)O)CCC5(C3(CCC(C5)O)C=O)O,416.512,1.0345,6,3,291.29,0.25878,2,1,True
hemistepsin,C=C1CC2C(C(C3C1CC(C3=C)O)OC(=O)C(=C)CO)C(=C)C(=O)O2,346.378,1.3523,6,2,248.48,0.29089,4,1,True
homocastasterone,CCC(C(C)C)C(C(C(C)C1CCC2C1(CCC3C2CC(=O)C4C3(CC(C(C4)O)O)C)C)O)O,478.711,4.3556,5,4,357.11,0.18325,6,1,True
ibrutinib,C=CC(=O)N1CCCC(C1)N2C3=NC=NC(=C3C(=N2)C4=CC=C(C=C4)OC5=CC=CC=C5)N,440.506,3.6932,8,1,338.01,0.24153,5,1,True
idelalisib,CCC(C1=NC2=C(C(=CC=C2)F)C(=O)N1C3=CC=CC=C3)NC4=NC=NC5=C4NC=N5,415.431,2.858,8,2,307.08,0.28156,5,1,True
indirubin,C1=CC=C2C(=C1)C(=C(N2)O)C3=NC4=CC=CC=C4C3=O,262.267,2.5427,4,2,190.76,0.27071,1,1,True
isosilybin A,COC1=C(C=CC(=C1)C2C(OC3=C(O2)C=CC(=C3)C4C(C(=O)C5=C(C=C(C=C5O4)O)O)O)CO)O,482.44,2.1266,10,5,331.3,0.3578,4,1,True
jaceosidin,COC1=C(C=CC(=C1)C2=CC(=O)C3=C(O2)C=C(C(=C3O)OC)O)O,330.291,2.1957,7,3,235.55,0.34956,3,1,True
jacobine,CC1CC2(C(O2)C)C(=O)OC3CCN4C3C(=CC4)COC(=O)C1(C)O,351.398,0.3356,7,1,250.41,0.32099,0,1,True
kaempferol,C1=CC(=CC=C1C2=C(C(=O)C3=C(C=C(C=C3O2)O)O)O)O,286.238,1.8359,6,4,195.59,0.3857,1,1,True
lactacystin,CC1C(C(NC1=O)(C(C(C)C)O)C(=O)SCC(C(=O)O)NC(=O)C)O,376.429,-2.3293,9,5,266.17,0.49544,8,1,True
lariciresinol,COC1=C(C=CC(=C1)CC2COC(C2CO)C3=CC(=C(C=C3)O)OC)O,360.405,2.2846,6,3,271.87,0.2549,6,1,True
leptocarpin,CC=C(C)C(=O)OC1CC2(C(O2)CC(C(=CC3C1C(=C)C(=O)O3)C)O)C,362.42,2.4565,6,1,274.14,0.28026,3,1,True
lly-283,C1=CC=C(C=C1)C(C2C(C(C(O2)N3C=CC4=C(N=CN=C43)N)O)O)O,342.354,-0.0013,8,4,240.91,0.38761,3,1,True
lornoxicam,CN1C(=C(C2=C(S1(=O)=O)C=C(S2)Cl)O)C(=O)NC3=CC=CC=N3,371.824,1.8836,7,2,239.26,0.42239,2,1,True
maxacalcitol,CC(C1CCC2C1(CCCC2=CC=C3CC(CC(C3=C)O)O)C)OCCC(C)(C)O,418.615,4.6499,4,3,330.42,0.1492,6,1,True
medermycin,CC1C(C(CC(O1)C2=C(C3=C(C=C2)C(=O)C4=C(C3=O)C(OC5C4OC(=O)C5)C)O)N(C)C)O,457.477,0.0789,9,2,312.49,0.31639,2,1,True
mivebresib,CCS(=O)(=O)NC1=CC(=C(C=C1)OC2=C(C=C(C=C2)F)F)C3=CN(C(=O)C4=C3C=CN4)C,459.472,2.8103,7,2,322.63,0.24988,5,1,True
mocetinostat,C1=CC=C(C(=C1)N)NC(=O)C2=CC=C(C=C2)CNC3=NC=CC(=N3)C4=CN=CC=C4,396.453,2.7505,7,3,311.77,0.26988,6,1,True
monascin,CCCCCC(=O)C1C2CC3=C(COC(=C3)C=CC)C(=O)C2(OC1=O)C,358.432,2.9325,5,0,275.13,0.21488,6,1,True
monorden,CC1CC2C(O2)C=CC=CC(=O)CC3=C(C(=CC(=C3Cl)O)O)C(=O)O1,364.78,2.7383,6,2,267.81,0.29846,0,1,True
moringin,CC1C(C(C(C(O1)OC2=CC=C(C=C2)CN=C=S)O)O)O,311.357,1.6027,6,3,232.61,0.42479,4,1,True
nifuroxazide,C1=CC(=CC=C1C(=O)NN=CC2=CC=C(O2)[N+](=O)[O-])O,275.219,1.4744,8,2,206.7,0.45302,4,1,True
nimbolide,CC1=C2C(CC1C3=COC=C3)OC4C2(C(C5(C6C4OC(=O)C6(C=CC5=O)C)C)CC(=O)OC)C,466.528,2.7744,7,0,323.17,0.25754,4,1,True
nitazoxanide,CC(=O)OC1=CC=CC=C1C(=O)NC2=NC=C(S2)[N+](=O)[O-],307.285,1.6871,8,1,220.61,0.4954,5,1,True
obacunone,CC1(C2CC(=O)C3(C(C2(C=CC(=O)O1)C)CCC4(C35C(O5)C(=O)OC4C6=COC=C6)C)C)C,454.517,1.885,7,0,317.48,0.28625,1,1,True
olaparib,C1CC1C(=O)N2CCN(CC2)C(=O)C3=C(C=CC(=C3)CC4=NNC(=O)C5=CC=CC=C54)F,434.47,3.1669,7,1,315.97,0.21898,4,1,True
olmesartan,CCCC1=NC(=C(N1CC2=CC=C(C=C2)C3=CC=CC=C3C4=NNN=N4)C(=O)O)C(C)(C)O,446.509,3.2081,9,3,345.27,0.30116,8,1,True
olomoucine II,CCC(CO)NC1=NC(=C2C(=N1)N(C=N2)C(C)C)NCC3=CC=CC=C3O,370.455,2.2357,8,4,291.78,0.30468,8,1,True
otosenine,CC1CC2(C(O2)C)C(=O)OC3CCN(CC=C(C3=O)COC(=O)C1(C)O)C,381.423,0.089,8,1,281.42,0.33196,0,1,True
palbociclib,CC1=C(C(=O)N(C2=NC(=NC=C12)NC3=NC=C(C=C3)N4CCNCC4)C5CCCC5)C(=O)C,447.541,2.003,9,2,337.84,0.26347,5,1,True
paxilline,CC12CCC3C(=CC(=O)C(O3)C(C)(C)O)C1(CCC4C2(C5=C(C4)C6=CC=CC=C6N5)C)O,435.562,3.2622,5,3,305.57,0.20692,1,1,True
pazopanib,CC1=C(C=C(C=C1)NC2=NC=CC(=N2)N(C)C3=CC4=NN(C(=C4C=C3)C)C)S(=O)(=O)N,437.527,1.7881,9,2,320.76,0.30752,5,1,True
picrasidine I,COC1=CN=C(C2=C1C3=C(N2)C(=CC=C3)O)C=C,240.261,2.3562,4,2,183.94,0.26128,2,1,True
pimobendan,CC1CC(=O)NN=C1C2=CC3=C(C=C2)N=C(N3)C4=CC=C(C=C4)OC,334.378,2.8555,6,2,255.41,0.27787,3,1,True
piperlongumine,COC1=CC(=CC(=C1OC)OC)C=CC(=O)N2CCC=CC2=O,317.34,1.7755,6,0,252.86,0.23582,5,1,True
pomalidomide,C1CC(=O)NC(=O)C1N2C(=O)C3=C(C2=O)C(=CC=C3)N,273.247,-0.5679,7,2,187.56,0.43954,1,1,True
pomiferin,CC(=CCC1=C2C(=C3C(=C1O)C(=O)C(=CO3)C4=CC(=C(C=C4)O)O)C=CC(O2)(C)C)C,420.46,4.6764,6,3,311.95,0.2319,3,1,True
praeruptorin A,CC=C(C)C(=O)OC1C(C2=C(C=CC3=C2OC(=O)C=C3)OC1(C)C)OC(=O)C,386.399,3.342,7,0,287.43,0.27527,5,1,True
prexasertib,COC1=C(C(=CC=C1)OCCCN)C2=CC(=NN2)NC3=NC=C(N=C3)C#N,365.396,0.8206,9,3,293.86,0.36477,8,1,True
ptaquiloside,CC1CC2(C=C(C3(CC3)C(C2C1=O)(C)O)C)OC4C(C(C(C(O4)CO)O)O)O,398.45,-0.5419,8,5,264.26,0.37289,3,1,True
ravoxertinib,CN1C(=CC=N1)NC2=NC=CC(=N2)C3=CC(=O)N(C=C3)C(CO)C4=CC(=C(C=C4)Cl)F,440.865,1.4328,8,2,322.12,0.25124,6,1,True
rebamipide,C1=CC=C2C(=C1)C(=CC(=O)N2)CC(C(=O)O)NC(=O)C3=CC=C(C=C3)Cl,370.791,1.6962,6,3,268.43,0.27992,5,1,True
resiquimod,CCOCC1=NC2=C(N1CC(C)(C)O)C3=CC=CC=C3N=C2N,314.388,1.5777,6,2,242.52,0.27701,5,1,True
retrorsine,CC=C1CC(C(C(=O)OCC2=CCN3C2C(CC3)OC1=O)(CO)O)C,351.398,0.8397,7,2,255.91,0.29632,1,1,True
riddelliine,CC=C1CC(=C)C(C(=O)OCC2=CCN3C2C(CC3)OC1=O)(CO)O,349.382,1.0423,7,2,253.9,0.29866,1,1,True
rubitecan,CCC1(C2=C(COC1=O)C(=O)N3CC4=CC5=C(C=CC=C5[N+](=O)[O-])N=C4C3=C2)O,393.354,0.2622,9,1,263.52,0.35716,2,1,True
ruxolitinib,C1CCC(C1)C(CC#N)N2C=C(C=N2)C3=C4C=CNC4=NC=N3,306.372,1.6767,6,1,244.68,0.27518,4,1,True
salubrinal,C1=CC=C(C=C1)C=CC(=O)NC(C(Cl)(Cl)Cl)NC(=S)NC2=CC=CC3=C2N=CC=C3,479.818,4.7315,5,3,346.89,0.24904,6,1,True
sapanisertib,CC(C)N1C2=NC=NC(=C2C(=N1)C3=CC4=C(C=C3)OC(=N4)N)N,309.332,1.6302,8,2,230.21,0.4144,2,1,True
selinexor,C1=CN=C(C=N1)NNC(=O)C=CN2C=NC(=N2)C3=CC(=CC(=C3)C(F)(F)F)C(F)(F)F,443.31,2.572,8,2,303.11,0.28607,7,1,True
senecionine,CC=C1CC(C(C(=O)OCC2=CCN3C2C(CC3)OC1=O)(C)O)C,335.399,1.7664,6,1,248.06,0.25288,0,1,True
seneciphylline,CC=C1CC(=C)C(C(=O)OCC2=CCN3C2C(CC3)OC1=O)(C)O,333.383,1.969,6,1,246.05,0.25495,0,1,True
senkirkine,CC=C1CC(C(C(=O)OCC2=CCN(CCC(C2=O)OC1=O)C)(C)O)C,365.424,1.5198,7,1,279.07,0.27151,0,1,True
sitaxsentan,CC1=CC2=C(C=C1CC(=O)C3=C(C=CS3)S(=O)(=O)NC4=C(C(=NO4)C)Cl)OCO2,454.91,3.3593,8,1,308.92,0.38366,5,1,True
skullcapflavone II,COC1=CC=CC(=C1C2=CC(=O)C3=C(C(=C(C(=C3O2)OC)OC)OC)O)O,374.344,2.4014,8,2,273.72,0.32603,5,1,True
sotrastaurin,CN1CCN(CC1)C2=NC3=CC=CC=C3C(=N2)C4=C(C(=O)NC4=O)C5=CNC6=CC=CC=C65,438.49,1.5001,8,2,320.09,0.25171,3,1,True
sparstolonin B,C1=CC2=C(C=C1O)C3=COC(=C4C3=C(O2)C=CC4=O)O,268.224,1.3004,5,2,180.26,0.32864,0,1,True
sulindac sulfone,CC1=C(C2=C(C1=CC3=CC=C(C=C3)S(=O)(=O)C)C=CC(=C2)F)CC(=O)O,372.415,2.6067,4,1,264.46,0.20691,4,1,True
syringin,COC1=CC(=CC(=C1OC2C(C(C(C(O2)CO)O)O)O)OC)C=CCO,372.369,-0.6515,9,5,272.55,0.38708,7,1,True
talazoparib,CN1C(=NC=N1)C2C(NC3=CC(=CC4=C3C2=NNC4=O)F)C5=CC=C(C=C5)F,380.357,2.0485,7,2,266.1,0.28666,2,1,True
tephrosin,CC1(C=CC2=C(O1)C=CC3=C2OC4COC5=CC(=C(C=C5C4(C3=O)O)OC)OC)C,410.421,3.1208,7,1,289.24,0.26324,2,1,True
tetracycline CMT-3,C1C2CC3=C(C(=CC=C3)O)C(=C2C(=O)C4(C1CC(=O)C(=C4O)C(=O)N)O)O,371.344,-0.2949,8,5,242.46,0.44044,1,1,True
tipifarnib,CN1C=NC=C1C(C2=CC=C(C=C2)Cl)(C3=CC4=C(C=C3)N(C(=O)C=C4C5=CC(=CC=C5)Cl)C)N,489.405,4.03,5,1,354.05,0.14038,4,1,True
tofacitinib,CC1CCN(CC1N(C)C2=NC=NC3=C2C=CN3)C(=O)CC#N,312.376,1.1936,7,1,246.07,0.28297,3,1,True
tolmetin glucuronide,CC1=CC=C(C=C1)C(=O)C2=CC=C(N2C)CC(=O)OC3C(C(C(C(O3)C(=O)O)O)O)O,433.412,-0.6067,10,4,308.15,0.3842,7,1,True
trachelogenin,COC1=C(C=C(C=C1)CC2COC(=O)C2(CC3=CC(=C(C=C3)O)OC)O)OC,388.415,2.0231,7,2,290.94,0.27236,7,1,True
trichodesmine,CC(C)C1C(=O)OC2CCN3C2C(=CC3)COC(=O)C(C1(C)O)(C)O,353.413,0.5349,7,2,251.11,0.30198,1,1,True
triciribine,CN1C2=NC=NC3=C2C(=CN3C4C(C(C(O4)CO)O)O)C(=N1)N,320.308,-1.4358,10,4,214.44,0.50569,2,1,True
tubocapsenolide A,CC1=C(C(=O)OC(C1)C(C)C2(C(CC3=C2CCC4C3CC5C6(C4(C(=O)C=CC6O)C)O5)O)C)C,468.588,2.6348,6,2,329.52,0.24256,2,1,True
tyrphostin AG825,COC1=CC(=CC(=C1O)CSC2=NC3=CC=CC=C3S2)C=C(C#N)C(=O)N,397.478,2.9757,6,2,294.87,0.3859,6,1,True
vernodalin,C=CC12CC(C3C(C1C(=C)C(=O)OC2)OC(=O)C3=C)OC(=O)C(=C)CO,360.361,0.8315,7,1,257.08,0.31982,5,1,True
vistusertib,CC1COCCN1C2=NC(=NC3=C2C=CC(=N3)C4=CC(=CC=C4)C(=O)NC)N5CCOCC5C,462.552,2.5926,9,1,351.05,0.24073,4,1,True
withaferin A,CC1=C(C(=O)OC(C1)C(C)C2CCC3C2(CCC4C3CC5C6(C4(C(=O)C=CC6O)C)O5)C)CO,470.604,2.4938,6,2,334.36,0.23905,3,1,True
withanone,CC1=C(C(=O)OC(C1)C(C)C2(CCC3C2(CCC4C3C5C(O5)C6(C4(C(=O)C=CC6)C)O)C)O)C,470.604,2.5971,6,2,330.77,0.24165,2,1,True
zomepirac glucuronide,CC1=C(N(C(=C1)CC(=O)OC2C(C(C(C(O2)C(=O)O)O)O)O)C)C(=O)C3=CC=C(C=C3)Cl,467.857,-0.0007,10,4,323.57,0.36589,7,1,True
zopolrestat,C1=CC=C2C(=C1)C(=NN(C2=O)CC3=NC4=C(S3)C=CC(=C4)C(F)(F)F)CC(=O)O,419.382,2.9351,6,1,280.92,0.30461,5,1,True
