ID,SMILES_x,NEW_SMILES,Data set,Name,SMILES_y,Total Molweight,cLogP,H-Acceptors,H-Donors,Total Surface Area,Relative PSA,Rotatable Bonds,Senotherapeutics:,Leadlikeness
DB00140,CC1=C(C)C=C2N(C[C@H](O)[C@H](O)[C@H](O)CO)C3=NC(=O)NC(=O)C3=NC2=C1,Cc1cc2nc3c(=O)[nH]c(=O)nc-3n(CC(O)C(O)C(O)CO)c2cc1C,FDA,Riboflavin,CC1=CC2=C(C=C1C)N(C3=NC(=O)NC(=O)C3=N2)CC(C(C(CO)O)O)O,376.368,-2.0663,10,5,264.4,0.44066,5,1,True
DB00197,CC1=C(C)C2=C(CCC(C)(COC3=CC=C(CC4SC(=O)NC4=O)C=C3)O2)C(C)=C1O,Cc1c(C)c2c(c(C)c1O)CCC(C)(COc1ccc(Cc3sc(=O)[nH]c3O)cc1)O2,FDA,Troglitazone,CC1=C(C2=C(CCC(O2)(C)COC3=CC=C(C=C3)CC4C(=O)NC(=O)S4)C(=C1O)C)C,441.546,4.3852,6,2,323.81,0.27217,5,1,True
DB00222,CCC1=C(C)CN(C(=O)NCCC2=CC=C(C=C2)S(=O)(=O)NC(=O)N[C@H]2CC[C@H](C)CC2)C1=O,CCc1c(C)cn(C(=O)NCCc2ccc(S(=O)(=O)NC(=O)NC3CCC(C)CC3)cc2)c1O,FDA,glimepiride,CCC1=C(CN(C1=O)C(=O)NCCC2=CC=C(C=C2)S(=O)(=O)NC(=O)NC3CCC(CC3)C)C,490.623,3.5186,9,3,367.55,0.28739,6,1,True
DB00227,[H][C@]12[C@H](C[C@@H](C)C=C1C=C[C@H](C)[C@@H]2CC[C@@H]1C[C@@H](O)CC(=O)O1)OC(=O)[C@@H](C)CC,CCC(C)C(=O)OC1CC(C)C=C2C=CC(C)C(CCC3CC(O)CC(=O)O3)C21,FDA,Lovastatin,CCC(C)C(=O)OC1CC(C=C2C1C(C(C=C2)C)CCC3CC(CC(=O)O3)O)C,404.545,3.895,5,1,317.66,0.1863,7,1,True
DB00266,OC1=C(CC2=C(O)C3=C(OC2=O)C=CC=C3)C(=O)OC2=C1C=CC=C2,O=c1c(Cc2c(O)oc3ccccc3c2=O)c(O)oc2ccccc12,FDA,Dicumarol,C1=CC=C2C(=C1)C(=C(C(=O)O2)CC3=C(C4=CC=CC=C4OC3=O)O)O,336.298,2.588,6,2,233.82,0.30913,2,1,True
DB00275,CCCC1=NC(=C(N1CC1=CC=C(C=C1)C1=C(C=CC=C1)C1=NN=NN1)C(O)=O)C(C)(C)O,CCCc1nc(C(C)(C)O)c(C(=O)O)n1Cc1ccc(-c2ccccc2-c2nn[nH]n2)cc1,FDA,olmesartan,CCCC1=NC(=C(N1CC2=CC=C(C=C2)C3=CC=CC=C3C4=NNN=N4)C(=O)O)C(C)(C)O,446.509,3.2081,9,3,345.27,0.30116,8,1,True
DB00301,[H][C@]12SC(C)(C)[C@@H](N1C(=O)[C@H]2NC(=O)C1=C(C)ON=C1C1=C(Cl)C=CC=C1F)C(O)=O,Cc1onc(-c2c(F)cccc2Cl)c1C(=O)NC1C(=O)N2C1SC(C)(C)C2C(=O)O,FDA,Floxacillin,CC1=C(C(=NO1)C2=C(C=CC=C2Cl)F)C(=O)NC3C4N(C3=O)C(C(S4)(C)C)C(=O)O,453.877,2.8046,8,2,299.78,0.36627,4,1,True
DB00305,[H][C@]12CN3C4=C([C@@H](COC(N)=O)[C@@]3(OC)[C@@]1([H])N2)C(=O)C(N)=C(C)C4=O,COC12C(=COC(N)=O)c3c(O)c(N)c(C)c(O)c3N1CC1NC12,FDA,Mitomycin,CC1=C(C(=O)C2=C(C1=O)N3CC4C(C3(C2COC(=O)N)OC)N4)N,334.331,-1.8035,9,3,227.5,0.50475,4,1,True
DB00334,CN1CCN(CC1)C1=NC2=CC=CC=C2NC2=C1C=C(C)S2,Cc1cc2c(s1)=Nc1ccccc1NC=2N1CCN(C)CC1,FDA,Olanzapine,CC1=CC2=C(S1)NC3=CC=CC=C3N=C2N4CCN(CC4)C,312.44,3.0388,4,1,236.55,0.21319,0,1,True
DB00338,COC1=CC2=C(C=C1)N=C(N2)S(=O)CC1=NC=C(C)C(OC)=C1C,COc1ccc2[nH]c([S+]([O-])Cc3ncc(C)c(OC)c3C)nc2c1,FDA,Omeprazole,CC1=CN=C(C(=C1OC)C)CS(=O)C2=NC3=C(N2)C=C(C=C3)OC,345.422,2.092,6,1,260.23,0.30223,5,1,True
DB00384,NC1=NC(N)=C2N=C(C(N)=NC2=N1)C1=CC=CC=C1,N=c1[nH]c(=N)c2nc(-c3ccccc3)c(=N)[nH]c2[nH]1,FDA,Triamterene,C1=CC=C(C=C1)C2=NC3=C(N=C(N=C3N=C2N)N)N,253.268,0.6075,7,3,188.22,0.47652,1,1,True
DB00443,[H][C@@]12C[C@H](C)[C@](O)(C(=O)CO)[C@@]1(C)C[C@H](O)[C@@]1(F)[C@@]2([H])CCC2=CC(=O)C=C[C@]12C,CC1CC2C3CC=C4CC(=O)C=CC4(C)C3(F)C(O)CC2(C)C1(O)C(=O)CO,FDA,Dexamethasone,CC1CC2C3CCC4=CC(=O)C=CC4(C3(C(CC2(C1(C(=O)CO)O)C)O)F)C,392.465,1.2884,5,3,268.83,0.2432,2,1,True
DB00456,[H][C@@]1(NC(=O)CC2=CC=CS2)C(=O)N2C(C(O)=O)=C(COC(C)=O)CS[C@]12[H],CC(=O)OC=C1CSC2C(NC(=O)Cc3cccs3)C(=O)N2C1C(=O)O,FDA,Cephalothin,CC(=O)OCC1=C(N2C(C(C2=O)NC(=O)CC3=CC=CS3)SC1)C(=O)O,396.443,0.5912,8,2,270.26,0.47406,7,1,True
DB00507,CC(=O)OC1=CC=CC=C1C(=O)NC1=NC=C(S1)[N+]([O-])=O,CC(=O)Oc1ccccc1C(=O)N=c1[nH]cc([N+](=O)[O-])s1,FDA,nitazoxanide,CC(=O)OC1=CC=CC=C1C(=O)NC2=NC=C(S2)[N+](=O)[O-],307.285,1.6871,8,1,220.61,0.4954,5,1,True
DB00641,[H][C@]12[C@H](C[C@@H](C)C=C1C=C[C@H](C)[C@@H]2CC[C@@H]1C[C@@H](O)CC(=O)O1)OC(=O)C(C)(C)CC,CCC(C)(C)C(=O)OC1CC(C)C=C2C=CC(C)C(CCC3CC(O)CC(=O)O3)C21,FDA,Simvastatin,CCC(C)(C)C(=O)OC1CC(C=C2C1C(C(C=C2)C)CCC3CC(CC(=O)O3)O)C,418.572,4.4608,5,1,327.83,0.18052,7,1,True
DB00760,[H][C@]1([C@@H](C)O)C(=O)N2C(C(O)=O)=C(S[C@@H]3CN[C@@H](C3)C(=O)N(C)C)[C@H](C)[C@]12[H],CC(O)C1C(=O)N2C(C(=O)O)=C(SC3CNC(C(=O)N(C)C)C3)C(C)C12,FDA,Meropenem,CC1C2C(C(=O)N2C(=C1SC3CC(NC3)C(=O)N(C)C)C(=O)O)C(C)O,383.468,-3.1042,8,3,262.98,0.38547,5,1,True
DB00795,OC(=O)C1=CC(=CC=C1O)\N=N\C1=CC=C(C=C1)S(=O)(=O)NC1=NC=CC=C1,O=C(O)c1cc(N=Nc2ccc(S(=O)(=O)N=c3cccc[nH]3)cc2)ccc1O,FDA,Sulfasalazine,C1=CC=NC(=C1)NS(=O)(=O)C2=CC=C(C=C2)N=NC3=CC(=C(C=C3)O)C(=O)O,398.398,2.6508,9,3,285.05,0.39737,5,1,True
DB00814,CN1C(C(=O)NC2=NC=C(C)S2)=C(O)C2=C(C=CC=C2)S1(=O)=O,Cc1c[nH]c(=NC(=O)C2C(=O)c3ccccc3S(=O)(=O)N2C)s1,FDA,Meloxicam,CC1=CN=C(S1)NC(=O)C2=C(C3=CC=CC=C3S(=O)(=O)N2C)O,351.406,1.9072,7,2,236.1,0.42804,2,1,True
DB00860,[H][C@@]12CC[C@](O)(C(=O)CO)[C@@]1(C)C[C@H](O)[C@@]1([H])[C@@]2([H])CCC2=CC(=O)C=C[C@]12C,CC12C=CC(=O)C=C1CCC1C2C(O)CC2(C)C1CCC2(O)C(=O)CO,FDA,Prednisolone,CC12CC(C3C(C1CCC2(C(=O)CO)O)CCC4=CC(=O)C=CC34C)O,360.448,1.1414,5,3,253.57,0.25784,2,1,True
DB00959,[H][C@@]12CC[C@](O)(C(=O)CO)[C@@]1(C)C[C@H](O)[C@@]1([H])[C@@]2([H])C[C@H](C)C2=CC(=O)C=C[C@]12C,CC1=C2CC(=O)C=CC2(C)C2C(O)CC3(C)C(CCC3(O)C(=O)CO)C2C1,FDA,Methylprednisolone,CC1CC2C3CCC(C3(CC(C2C4(C1=CC(=O)C=C4)C)O)C)(C(=O)CO)O,374.475,1.4107,5,3,264.57,0.24712,2,1,True
DB01016,COC1=C(C=C(Cl)C=C1)C(=O)NCCC1=CC=C(C=C1)S(=O)(=O)NC(=O)NC1CCCCC1,COc1ccc(Cl)cc1C(=O)NCCc1ccc(S(=O)(=O)NC(=O)NC2CCCCC2)cc1,FDA,Glyburide,COC1=C(C=C(C=C1)Cl)C(=O)NCCC2=CC=C(C=C2)S(=O)(=O)NC(=O)NC3CCCCC3,494.01,3.9494,8,3,364.48,0.27173,7,1,True
DB01017,[H][C@@]12CC3=C(C(O)=CC=C3N(C)C)C(=O)C1=C(O)[C@]1(O)C(=O)C(C(N)=O)=C(O)[C@@H](N(C)C)[C@]1([H])C2,CN(C)c1ccc(O)c2c1CC1CC3C(N(C)C)C(=O)C(C(N)=O)C(=O)C3(O)C(=O)C1C2=O,FDA,Minocycline,CN(C)C1C2CC3CC4=C(C=CC(=C4C(=C3C(=O)C2(C(=C(C1=O)C(=O)N)O)O)O)O)N(C)C,457.481,-1.0304,10,5,310.84,0.36639,3,1,True
DB01024,COC1=C(C\C=C(/C)CCC(O)=O)C(O)=C2C(=O)OCC2=C1C,COc1c(CC=C(C)CCC(=O)O)c(O)c2c(O)occ2c1C,FDA,Mycophenolic Acid,CC1=C2COC(=O)C2=C(C(=C1OC)CC=C(C)CCC(=O)O)O,320.34,2.297,6,2,244.49,0.29564,6,1,True
DB01030,CC[C@@]1(O)C(=O)OCC2=C1C=C1N(CC3=CC4=C(C=CC(O)=C4CN(C)C)N=C13)C2=O,CCC1(O)C(=O)OCc2c1cc1n(c2=O)Cc2cc3c(CN(C)C)c(O)ccc3nc2-1,FDA,Topotecan,CCC1(C2=C(COC1=O)C(=O)N3CC4=CC5=C(C=CC(=C5CN(C)C)O)N=C4C3=C2)O,421.452,0.461,8,2,294.78,0.27258,3,1,True
DB01128,CC(O)(CS(=O)(=O)C1=CC=C(F)C=C1)C(=O)NC1=CC(=C(C=C1)C#N)C(F)(F)F,CC(O)(CS(=O)(=O)c1ccc(F)cc1)C(=O)Nc1ccc(C#N)c(C(F)(F)F)c1,FDA,bicalutamide,CC(CS(=O)(=O)C1=CC=C(C=C1)F)(C(=O)NC2=CC(=C(C=C2)C#N)C(F)(F)F)O,430.377,2.1426,6,2,291.11,0.27392,6,1,True
DB01140,[H][C@]12SCC(C)=C(N1C(=O)[C@H]2NC(=O)[C@H](N)C1=CC=C(O)C=C1)C(O)=O,CC1=C(C(=O)O)N2C(=O)C(NC(=O)C(N)c3ccc(O)cc3)C2SC1,FDA,Cefadroxil,CC1=C(N2C(C(C2=O)NC(=O)C(C3=CC=C(C=C3)O)N)SC1)C(=O)O,363.393,-2.3737,8,4,246.42,0.45893,4,1,True
DB01147,[H][C@]12SC(C)(C)[C@@H](N1C(=O)[C@H]2NC(=O)C1=C(C)ON=C1C1=CC=CC=C1Cl)C(O)=O,Cc1onc(-c2ccccc2Cl)c1C(=O)NC1C(=O)N2C1SC(C)(C)C2C(=O)O,FDA,Cloxacillin,CC1=C(C(=NO1)C2=CC=CC=C2Cl)C(=O)NC3C4N(C3=O)C(C(S4)(C)C)C(=O)O,435.887,2.7038,8,2,293.43,0.37419,4,1,True
DB01254,CC1=NC(NC2=NC=C(S2)C(=O)NC2=C(C)C=CC=C2Cl)=CC(=N1)N1CCN(CCO)CC1,Cc1nc(=Nc2ncc(C(=O)Nc3c(C)cccc3Cl)s2)cc(N2CCN(CCO)CC2)[nH]1,FDA,Dasatinib,CC1=C(C(=CC=C1)Cl)NC(=O)C2=CN=C(S2)NC3=CC(=NC(=N3)C)N4CCN(CC4)CCO,488.014,3.6259,9,3,361.62,0.30261,7,1,True
DB01394,COC1=CC2=C(C(OC)=C1OC)C1=CC=C(OC)C(=O)C=C1[C@H](CC2)NC(C)=O,COc1cc2c(c(OC)c1OC)-c1ccc(OC)c(=O)cc1C(NC(C)=O)CC2,FDA,Colchicine,CC(=O)NC1CCC2=CC(=C(C(=C2C3=CC=C(C(=O)C=C13)OC)OC)OC)OC,399.442,1.863,7,1,308.67,0.25121,5,1,True
DB06155,CC1=C(N(N=C1C(=O)NN1CCCCC1)C1=C(Cl)C=C(Cl)C=C1)C1=CC=C(Cl)C=C1,Cc1c(C(=O)NN2CCCCC2)nn(-c2ccc(Cl)cc2Cl)c1-c1ccc(Cl)cc1,FDA,Rimonabant,CC1=C(N(N=C1C(=O)NN2CCCCC2)C3=C(C=C(C=C3)Cl)Cl)C4=CC=C(C=C4)Cl,463.795,4.2064,5,1,334.07,0.13737,4,1,True
DB06268,CC1=NOC(NS(=O)(=O)C2=C(SC=C2)C(=O)CC2=CC3=C(OCO3)C=C2C)=C1Cl,Cc1cc2c(cc1CC(=O)c1sccc1S(=O)(=O)N=c1o[nH]c(C)c1Cl)OCO2,FDA,sitaxsentan,CC1=CC2=C(C=C1CC(=O)C3=C(C=CS3)S(=O)(=O)NC4=C(C(=NO4)C)Cl)OCO2,454.91,3.3593,8,1,308.92,0.38366,5,1,True
DB06589,CN(C1=CC2=NN(C)C(C)=C2C=C1)C1=CC=NC(NC2=CC=C(C)C(=C2)S(N)(=O)=O)=N1,Cc1ccc(N=c2nc(N(C)c3ccc4c(C)n(C)nc4c3)cc[nH]2)cc1S(N)(=O)=O,FDA,pazopanib,CC1=C(C=C(C=C1)NC2=NC=CC(=N2)N(C)C3=CC4=NN(C(=C4C=C3)C)C)S(=O)(=O)N,437.527,1.7881,9,2,320.76,0.30752,5,1,True
DB06626,CNC(=O)C1=C(SC2=CC=C3C(NN=C3\C=C\C3=CC=CC=N3)=C2)C=CC=C1,CNC(=O)c1ccccc1Sc1ccc2c(C=Cc3ccccn3)[nH]nc2c1,FDA,Axitinib,CNC(=O)C1=CC=CC=C1SC2=CC3=C(C=C2)C(=NN3)C=CC4=CC=CC=N4,386.478,3.4441,5,2,299.93,0.25979,5,1,True
DB06725,CN1C(C(=O)NC2=CC=CC=N2)=C(O)C2=C(C=C(Cl)S2)S1(=O)=O,CN1C(C(=O)N=c2cccc[nH]2)C(=O)c2sc(Cl)cc2S1(=O)=O,FDA,lornoxicam,CN1C(=C(C2=C(S1(=O)=O)C=C(S2)Cl)O)C(=O)NC3=CC=CC=N3,371.824,1.8836,7,2,239.26,0.42239,2,1,True
DB08865,[H][C@](C)(OC1=CC(=CN=C1N)C1=CN(N=C1)C1CCNCC1)C1=C(Cl)C=CC(F)=C1Cl,CC(Oc1cc(-c2cnn(C3CCNCC3)c2)c[nH]c1=N)c1c(Cl)ccc(F)c1Cl,FDA,Crizotinib,CC(C1=C(C=CC(=C1Cl)F)Cl)OC2=C(N=CC(=C2)C3=CN(N=C3)C4CCNCC4)N,450.344,3.5382,6,2,325.47,0.20137,5,1,True
DB08877,N#CC[C@H](C1CCCC1)N1C=C(C=N1)C1=C2C=CNC2=NC=N1,N#CCC(C1CCCC1)n1cc(-c2ncnc3[nH]ccc23)cn1,FDA,ruxolitinib,C1CCC(C1)C(CC#N)N2C=C(C=N2)C3=C4C=CNC4=NC=N3,306.372,1.6767,6,1,244.68,0.27518,4,1,True
DB08881,CCCS(=O)(=O)NC1=C(F)C(C(=O)C2=CNC3=NC=C(C=C23)C2=CC=C(Cl)C=C2)=C(F)C=C1,CCCS(=O)(=O)Nc1ccc(F)c(C(=O)c2c[nH]c3ncc(-c4ccc(Cl)cc4)cc23)c1F,FDA,Vemurafenib,CCCS(=O)(=O)NC1=C(C(=C(C=C1)F)C(=O)C2=CNC3=C2C=C(C=N3)C4=CC=C(C=C4)Cl)F,489.929,4.5779,6,2,341.4,0.22859,6,1,True
DB08895,C[C@@H]1CCN(C[C@@H]1N(C)C1=NC=NC2=C1C=CN2)C(=O)CC#N,CC1CCN(C(=O)CC#N)CC1N(C)c1ncnc2[nH]ccc12,FDA,tofacitinib,CC1CCN(CC1N(C)C2=NC=NC3=C2C=CN3)C(=O)CC#N,312.376,1.1936,7,1,246.07,0.28297,3,1,True
DB08899,CNC(=O)C1=C(F)C=C(C=C1)N1C(=S)N(C(=O)C1(C)C)C1=CC=C(C#N)C(=C1)C(F)(F)F,CNC(=O)c1ccc(N2C(=S)N(c3ccc(C#N)c(C(F)(F)F)c3)C(=O)C2(C)C)cc1F,FDA,enzalutamide,CC1(C(=O)N(C(=S)N1C2=CC(=C(C=C2)C(=O)NC)F)C3=CC(=C(C=C3)C#N)C(F)(F)F)C,464.442,3.5872,6,1,324.5,0.26564,4,1,True
DB08910,NC1=CC=CC2=C1C(=O)N(C1CCC(=O)NC1=O)C2=O,Nc1cccc2c1C(=O)N(C1CCC(=O)NC1=O)C2=O,FDA,pomalidomide,C1CC(=O)NC(=O)C1N2C(=O)C3=C(C2=O)C(=CC=C3)N,273.247,-0.5679,7,2,187.56,0.43954,1,1,True
DB09053,NC1=NC=NC2=C1C(=NN2[C@@H]1CCCN(C1)C(=O)C=C)C1=CC=C(OC2=CC=CC=C2)C=C1,C=CC(=O)N1CCCC(n2nc(-c3ccc(Oc4ccccc4)cc3)c3c(=N)[nH]cnc32)C1,FDA,ibrutinib,C=CC(=O)N1CCCC(C1)N2C3=NC=NC(=C3C(=N2)C4=CC=C(C=C4)OC5=CC=CC=C5)N,440.506,3.6932,8,1,338.01,0.24153,5,1,True
DB09054,[H][C@@](CC)(NC1=NC=NC2=C1N=CN2)C1=NC2=CC=CC(F)=C2C(=O)N1C1=CC=CC=C1,CCC(N=c1[nH]cnc2[nH]cnc12)c1nc2cccc(F)c2c(=O)n1-c1ccccc1,FDA,idelalisib,CCC(C1=NC2=C(C(=CC=C2)F)C(=O)N1C3=CC=CC=C3)NC4=NC=NC5=C4NC=N5,415.431,2.858,8,2,307.08,0.28156,5,1,True
DB09073,CC(=O)C1=C(C)C2=CN=C(NC3=NC=C(C=C3)N3CCNCC3)N=C2N(C2CCCC2)C1=O,CC(=O)c1c(C)c2c[nH]c(=Nc3ccc(N4CCNCC4)cn3)nc2n(C2CCCC2)c1=O,FDA,palbociclib,CC1=C(C(=O)N(C2=NC(=NC=C12)NC3=NC=C(C=C3)N4CCNCC4)C5CCCC5)C(=O)C,447.541,2.003,9,2,337.84,0.26347,5,1,True
DB09074,FC1=CC=C(CC2=NNC(=O)C3=CC=CC=C23)C=C1C(=O)N1CCN(CC1)C(=O)C1CC1,O=C(c1cc(Cc2n[nH]c(=O)c3ccccc23)ccc1F)N1CCN(C(=O)C2CC2)CC1,FDA,olaparib,C1CC1C(=O)N2CCN(CC2)C(=O)C3=C(C=CC(=C3)CC4=NNC(=O)C5=CC=CC=C54)F,434.47,3.1669,7,1,315.97,0.21898,4,1,True
DB11656,OC(=O)C(CC1=CC(=O)NC2=C1C=CC=C2)NC(=O)C1=CC=C(Cl)C=C1,O=C(NC(Cc1cc(=O)[nH]c2ccccc12)C(=O)O)c1ccc(Cl)cc1,FDA,rebamipide,C1=CC=C2C(=C1)C(=CC(=O)N2)CC(C(=O)O)NC(=O)C3=CC=C(C=C3)Cl,370.791,1.6962,6,3,268.43,0.27992,5,1,True
DB11703,CC#CC(=O)N1CCC[C@H]1C1=NC(=C2N1C=CN=C2N)C1=CC=C(C=C1)C(=O)NC1=CC=CC=N1,CC#CC(=O)N1CCCC1c1nc(-c2ccc(C(=O)N=c3cccc[nH]3)cc2)c2c(=N)[nH]ccn12,FDA,acalabrutinib,CC#CC(=O)N1CCCC1C2=NC(=C3N2C=CN=C3N)C4=CC=C(C=C4)C(=O)NC5=CC=CC=N5,465.516,2.6784,9,2,362.43,0.26824,4,1,True
DB11760,CN1N=CN=C1[C@@H]1[C@H](NC2=C3C1=NNC(=O)C3=CC(F)=C2)C1=CC=C(F)C=C1,CN1NCNC1=c1c(-c2ccc(F)cc2)nc2cc(F)cc3c(=O)[nH]nc1c23,FDA,talazoparib,CN1C(=NC=N1)C2C(NC3=CC(=CC4=C3C2=NNC4=O)F)C5=CC=C(C=C5)F,380.357,2.0485,7,2,266.1,0.28666,2,1,True
DB11942,FC(F)(F)C1=CC(=CC(=C1)C1=NN(\C=C/C(=O)NNC2=NC=CN=C2)C=N1)C(F)(F)F,O=C(C=Cn1cnc(-c2cc(C(F)(F)F)cc(C(F)(F)F)c2)n1)NN=c1cncc[nH]1,FDA,selinexor,C1=CN=C(C=N1)NNC(=O)C=CN2C=NC(=N2)C3=CC(=CC(=C3)C(F)(F)F)C(F)(F)F,443.31,2.572,8,2,303.11,0.28607,7,1,True
DB14086,O[C@H]1CC2=C(O)C=C(O)C=C2O[C@@H]1C1=CC=C(O)C(O)=C1,Oc1cc(O)c2c(c1)OC(c1ccc(O)c(O)c1)C(O)C2,FDA,Catechin,C1C(C(OC2=CC(=CC(=C21)O)O)C3=CC(=C(C=C3)O)O)O,290.27,1.5087,6,5,200.03,0.37744,1,1,True
