compound_name,canonical_smiles,molecule_chembl_id,warning_class,warning_type,Total Molweight,Monoisotopic Mass,cLogP,cLogS,H-Acceptors,H-Donors,Total Surface Area,Relative PSA,Polar Surface Area,Druglikeness,Shape Index,Molecular Flexibility,Molecular Complexity,Fragments,Non-H Atoms,Non-C/H Atoms,Metal-Atoms,Electronegative Atoms,Stereo Centers,Rotatable Bonds,Rings Closures,Aromatic Atoms,sp3-Atoms,Symmetric atoms,Small Rings,Carbo-Rings,Hetero-Rings,Saturated Rings,Non-Aromatic Rings,Aromatic Rings,Saturated Carbo-Rings,Non-Aromatic Carbo-Rings,Carbo-Aromatic Rings,Saturated Hetero-Rings,Non-Aromatic Hetero-Rings,Hetero-Aromatic Rings,Amides,Amines,Alkyl-Amines,Aromatic Amines,Aromatic Nitrogens,Basic Nitrogens,Acidic Oxygens,Senotherapeutic,DataSet,Senotherapeutic
BUFLOMEDIL,COc1cc(OC)c(C(=O)CCCN2CCCC2)c(OC)c1,CHEMBL188921,neurotoxicity,Withdrawn,307.389,307.178359,2.3141,-2.703,5,0,250.91,0.18568,48,2.7412,0.59091,0.49148,0.71956,1,22,5,0,5,0,8,2,6,14,6,2,1,1,1,1,1,0,0,1,1,1,0,0,1,1,0,0,1,0,0,NoSenotherapeutic,0
BUTAMBEN PICRATE,CCCCOC(=O)c1ccc(N)cc1.CCCCOC(=O)c1ccc(N)cc1.O=[N+]([O-])c1cc([N+](=O)[O-])c(O)c([N+](=O)[O-])c1,CHEMBL3142541,neurotoxicity,Withdrawn,615.594,228.997102,-1.4509,-2.7,10,1,150.62,0.69287,157.69,-7.5665,0.4375,0.52477,0.74499,3,16,10,0,10,0,3,1,6,4,5,1,1,0,0,0,1,0,0,1,0,0,0,0,0,0,0,0,0,0,0,NoSenotherapeutic,0
MINAPRINE,Cc1cc(-c2ccccc2)nnc1NCCN1CCOCC1,CHEMBL278819,neurotoxicity,Withdrawn,298.389,298.179361,1.5911,-2.567,5,1,243.62,0.19272,50.28,2.4865,0.68182,0.44668,0.70898,1,22,5,0,5,0,5,3,12,9,4,3,1,2,1,1,2,0,0,1,1,1,1,0,2,1,1,2,1,0,0,NoSenotherapeutic,0
SIBUTRAMINE,CC(C)CC(N(C)C)C1(c2ccc(Cl)cc2)CCC1,CHEMBL1419,neurotoxicity,Withdrawn,279.853,279.175376,4.2703,-4.069,1,0,224.97,0.01578,3.24,1.4302,0.52632,0.55795,0.73369,1,19,2,0,2,1,5,2,6,12,5,2,2,0,1,1,1,1,1,1,0,0,0,0,1,1,0,0,1,0,0,NoSenotherapeutic,0
TEGASEROD MALEATE,CCCCCNC(=N)N/N=C/c1c[nH]c2ccc(OC)cc12.O=C(O)/C=C\C(=O)O,CHEMBL1516474,neurotoxicity,Withdrawn,417.464,301.19026,2.8267,-3.563,6,4,254.98,0.2903,85.29,-0.46519,0.72727,0.42069,0.75761,2,22,6,0,6,0,7,2,9,7,0,2,1,1,0,0,2,0,0,1,0,0,1,0,0,0,0,1,1,0,0,NoSenotherapeutic,0
ALMITRINE,C=CCNc1nc(NCC=C)nc(N2CCN(C(c3ccc(F)cc3)c3ccc(F)cc3)CC2)n1,CHEMBL1183717,neurotoxicity,Withdrawn,477.561,477.245249,4.8395,-5.756,7,2,375.92,0.1674,69.21,1.3656,0.48571,0.39817,0.81145,1,35,9,0,9,0,10,4,18,8,17,4,2,2,1,1,3,0,0,2,1,1,1,0,4,1,3,3,4,0,0,NoSenotherapeutic,0
MEPAZINE ACETATE,CC(=O)O.CN1CCCC(CN2c3ccccc3Sc3ccccc32)C1,CHEMBL1712842,neurotoxicity,Withdrawn,370.515,310.150368,4.5425,-4.611,2,0,237.67,0.10346,31.78,5.2505,0.45455,0.33985,0.82582,2,22,3,0,3,1,2,4,12,10,6,4,2,2,1,2,2,0,0,2,1,2,0,0,2,1,1,0,1,0,0,NoSenotherapeutic,0
FIPEXIDE,O=C(COc1ccc(Cl)cc1)N1CCN(Cc2ccc3c(c2)OCO3)CC1,CHEMBL254857,neurotoxicity,Withdrawn,388.85,388.118985,3.1537,-3.378,6,0,286.11,0.17525,51.24,7.3967,0.66667,0.46497,0.74421,1,27,7,0,7,0,5,4,12,11,4,4,2,2,1,2,2,0,0,2,1,2,0,1,1,1,0,0,1,0,0,NoSenotherapeutic,0
ALATROFLOXACIN MESYLATE,CS(=O)(=O)O.C[C@H](N)C(=O)N[C@@H](C)C(=O)N[C@H]1[C@@H]2CN(c3nc4c(cc3F)c(=O)c(C(=O)O)cn4-c3ccc(F)cc3F)C[C@@H]21,CHEMBL1200498,hepatotoxicity,Withdrawn,654.621,558.183853,-1.6649,-6.317,11,4,378.97,0.32066,157.96,2.5181,0.5,0.4174,0.96969,2,40,14,0,14,5,7,5,12,12,0,6,2,4,3,4,2,1,1,1,2,3,1,2,2,1,1,1,2,1,0,NoSenotherapeutic,0
BENZARONE,CCc1oc2ccccc2c1C(=O)c1ccc(O)cc1,CHEMBL1474963,hepatotoxicity,Withdrawn,266.295,266.094295,3.709,-5.106,3,1,207.43,0.19404,50.44,0.62751,0.55,0.46373,0.81096,1,20,3,0,3,0,3,3,15,3,2,3,2,1,0,0,3,0,0,2,0,0,1,0,0,0,0,0,0,0,0,NoSenotherapeutic,0
BENZIODARONE,CCc1oc2ccccc2c1C(=O)c1cc(I)c(O)c(I)c1,CHEMBL232201,hepatotoxicity,Withdrawn,518.079,517.887591,4.5832,-7.138,3,1,259.99,0.15481,50.44,1.227,0.5,0.48468,0.86954,1,22,5,0,5,0,3,3,15,3,3,3,2,1,0,0,3,0,0,2,0,0,1,0,0,0,0,0,0,0,0,NoSenotherapeutic,0
BROMFENAC SODIUM,Nc1c(CC(=O)[O-])cccc1C(=O)c1ccc(Br)cc1.Nc1c(CC(=O)[O-])cccc1C(=O)c1ccc(Br)cc1.O.O.O.[Na+].[Na+],CHEMBL3181947,hepatotoxicity,Withdrawn,766.345,333.000055,2.3207,-4.604,4,2,215.78,0.25234,80.39,-2.66,0.6,0.57657,0.76523,7,20,5,0,5,0,4,2,12,2,2,2,2,0,0,0,2,0,0,2,0,0,0,0,1,0,1,0,0,1,0,NoSenotherapeutic,0
ISAXONINE PHOSPHATE,CC(C)Nc1ncccn1.O=P(O)(O)O,CHEMBL1697751,hepatotoxicity,Withdrawn,235.179,137.095297,0.8785,-1.621,3,1,119.26,0.28006,37.81,0.80345,0.7,0.40509,0.55452,2,10,3,0,3,0,2,1,6,3,3,1,0,1,0,0,1,0,0,0,0,0,1,0,1,0,1,2,0,0,0,NoSenotherapeutic,0
LUMIRACOXIB,Cc1ccc(Nc2c(F)cccc2Cl)c(CC(=O)O)c1,CHEMBL404108,hepatotoxicity,Withdrawn,293.724,293.061884,3.7239,-4.566,3,2,216.37,0.17378,49.33,-2.0597,0.5,0.52068,0.75973,1,20,5,0,5,0,4,2,12,3,0,2,2,0,0,0,2,0,0,2,0,0,0,0,1,0,1,0,0,1,0,NoSenotherapeutic,0
MEBANAZINE,CC(NN)c1ccccc1,CHEMBL1909283,hepatotoxicity,Withdrawn,136.197,136.100048,0.1871,-1.924,2,2,118,0.22653,38.05,-2.8942,0.7,0.55732,0.55452,1,10,2,0,2,1,2,1,6,4,2,1,1,0,0,0,1,0,0,1,0,0,0,0,0,0,0,0,0,0,0,NoSenotherapeutic,0
NOMIFENSINE MALEATE,CN1Cc2c(N)cccc2C(c2ccccc2)C1.O=C(O)/C=C\C(=O)O,CHEMBL1256842,hepatotoxicity,Withdrawn,354.405,238.146998,1.6448,-2.704,2,1,190.62,0.09873,29.26,4.3591,0.5,0.30217,0.77994,2,18,2,0,2,1,1,3,12,5,2,3,2,1,1,1,2,0,0,2,1,1,0,0,2,1,1,0,1,0,0,NoSenotherapeutic,0
TICRYNAFEN,O=C(O)COc1ccc(C(=O)c2cccs2)c(Cl)c1Cl,CHEMBL267744,hepatotoxicity,Withdrawn,331.175,329.952034,2.9282,-4.991,4,1,225.41,0.3085,91.84,2.3512,0.6,0.36212,0.80446,1,20,7,0,7,0,5,2,11,3,0,2,1,1,0,0,2,0,0,1,0,0,1,0,0,0,0,0,0,1,0,NoSenotherapeutic,0
TOLRESTAT,COc1ccc2c(C(=S)N(C)CC(=O)O)cccc2c1C(F)(F)F,CHEMBL436,hepatotoxicity,Withdrawn,357.351,357.064648,3.1655,-3.366,4,1,252.71,0.26786,81.86,-8.0003,0.5,0.46287,0.8293,1,24,8,0,8,0,5,2,10,7,2,2,2,0,0,0,2,0,0,2,0,0,0,0,0,0,0,0,0,1,0,NoSenotherapeutic,0
CHLORMEZANONE,CN1C(=O)CCS(=O)(=O)C1c1ccc(Cl)cc1,CHEMBL1200714,hepatotoxicity,Withdrawn,273.739,273.022641,1.1128,-2.05,4,0,184.09,0.24537,62.83,0.73005,0.52941,0.35958,0.78235,1,17,6,0,6,1,1,2,6,5,3,2,1,1,1,1,1,0,0,1,1,1,0,1,0,0,0,0,0,0,0,NoSenotherapeutic,0
ALPIDEM,CCCN(CCC)C(=O)Cc1c(-c2ccc(Cl)cc2)nc2ccc(Cl)cn12,CHEMBL54349,hepatotoxicity,Withdrawn,404.34,403.121816,5.0431,-6.919,4,0,309.24,0.11483,37.61,4.4691,0.48148,0.53987,0.86725,1,27,6,0,6,0,7,3,15,7,5,3,1,2,0,0,3,0,0,1,0,0,2,1,0,0,0,2,1,0,0,NoSenotherapeutic,0
BENDAZAC,O=C(O)COc1nn(Cc2ccccc2)c2ccccc12,CHEMBL1089221,hepatotoxicity,Withdrawn,282.298,282.100443,1.8077,-2.992,5,1,217.2,0.24853,64.35,2.72,0.57143,0.38315,0.78648,1,21,5,0,5,0,5,3,15,4,2,3,2,1,0,0,3,0,0,2,0,0,1,0,0,0,0,2,0,1,0,NoSenotherapeutic,0
CYCLOFENIL,CC(=O)Oc1ccc(C(=C2CCCCC2)c2ccc(OC(C)=O)cc2)cc1,CHEMBL141305,hepatotoxicity,Withdrawn,364.44,364.16746,4.3213,-5.349,4,0,291.26,0.15821,52.6,-6.1848,0.55556,0.44165,0.79924,1,27,4,0,4,0,6,3,12,9,14,3,3,0,1,1,2,1,1,2,0,0,0,0,0,0,0,0,0,0,0,NoSenotherapeutic,0
EXIFONE,O=C(c1cc(O)c(O)c(O)c1)c1ccc(O)c(O)c1O,CHEMBL329522,hepatotoxicity,Withdrawn,278.215,278.042655,0.7154,-1.94,7,6,188.87,0.4852,138.45,-1.0702,0.55,0.52591,0.72323,1,20,7,0,7,0,2,2,12,6,3,2,2,0,0,0,2,0,0,2,0,0,0,0,0,0,0,0,0,0,0,NoSenotherapeutic,0
KETOCONAZOLE,CC(=O)N1CCN(c2ccc(OCC3COC(Cn4ccnc4)(c4ccc(Cl)cc4Cl)O3)cc2)CC1,CHEMBL157101,hepatotoxicity,Withdrawn,531.438,530.14876,3.3639,-2.995,8,0,384.42,0.17684,69.06,8.14,0.55556,0.45571,0.86492,1,36,10,0,10,2,7,5,17,13,4,5,2,3,2,2,3,0,0,2,2,2,1,1,1,0,1,2,1,0,0,NoSenotherapeutic,0
MEDIFOXAMINE,CN(C)CC(Oc1ccccc1)Oc1ccccc1,CHEMBL85231,hepatotoxicity,Withdrawn,257.332,257.141579,2.5271,-2.328,3,0,214.1,0.11,21.7,1.923,0.57895,0.41458,0.56169,1,19,3,0,3,0,6,2,12,7,10,2,2,0,0,0,2,0,0,2,0,0,0,0,1,1,0,0,1,0,0,NoSenotherapeutic,0
IBUFENAC,CC(C)Cc1ccc(CC(=O)O)cc1,CHEMBL341812,hepatotoxicity,Withdrawn,192.257,192.11503,2.575,-2.527,2,1,161.9,0.16146,37.3,-1.5706,0.71429,0.66584,0.51193,1,14,2,0,2,0,4,1,6,6,3,1,1,0,0,0,1,0,0,1,0,0,0,0,0,0,0,0,0,1,0,NoSenotherapeutic,0
PHENACETIN,CCOc1ccc(NC(C)=O)cc1,CHEMBL16073,hepatotoxicity,Withdrawn,179.218,179.094629,1.6996,-2.276,3,1,150.75,0.22886,38.33,-1.0225,0.76923,0.46547,0.56122,1,13,3,0,3,0,3,1,6,4,2,1,1,0,0,0,1,0,0,1,0,0,0,1,0,0,0,0,0,0,0,NoSenotherapeutic,0
PHENOXYPROPAZINE,CC(COc1ccccc1)NN,CHEMBL1909286,hepatotoxicity,Withdrawn,166.223,166.110613,0.2666,-2.158,3,2,141.76,0.2591,47.28,-2.9037,0.75,0.591,0.4621,1,12,3,0,3,1,4,1,6,6,2,1,1,0,0,0,1,0,0,1,0,0,0,0,0,0,0,0,0,0,0,NoSenotherapeutic,0
XIMELAGATRAN,CCOC(=O)CN[C@@H](C(=O)N1CC[C@H]1C(=O)NCc1ccc(/C(N)=N\O)cc1)C1CCCCC1,CHEMBL522038,hepatotoxicity,Withdrawn,473.572,473.26382,1.1936,-3.529,10,4,367.93,0.31384,146.35,-3.3946,0.58824,0.58059,0.81719,1,34,10,0,10,2,11,3,6,17,4,3,2,1,2,2,1,1,1,1,1,1,0,2,1,1,0,0,1,0,0,NoSenotherapeutic,0
GENTIAN VIOLET,CN(C)c1ccc(C(=C2C=CC(=[N+](C)C)C=C2)c2ccc(N(C)C)cc2)cc1.[Cl-],CHEMBL64894,carcinogenicity,Withdrawn,407.987,372.243972,0.6992,-3.473,3,0,302.61,0.0062787,9.49,-10.07,0.46429,0.44797,0.75973,2,28,3,0,3,0,4,3,12,6,15,3,3,0,0,1,2,0,1,2,0,0,0,0,2,0,2,0,0,0,0,NoSenotherapeutic,0
CARBARIL,CNC(=O)Oc1cccc2ccccc12,CHEMBL46917,carcinogenicity,Withdrawn,201.224,201.078979,2.5697,-3.701,3,1,159.33,0.21653,38.33,-3.09,0.6,0.048625,0.64441,1,15,3,0,3,0,2,2,10,2,0,2,2,0,0,0,2,0,0,2,0,0,0,1,0,0,0,0,0,0,0,NoSenotherapeutic,0
INDOPROFEN,CC(C(=O)O)c1ccc(N2Cc3ccccc3C2=O)cc1,CHEMBL15870,carcinogenicity,Withdrawn,281.31,281.105194,2.2291,-3.687,4,1,210.19,0.20329,57.61,3.7067,0.57143,0.44387,0.77499,1,21,4,0,4,1,3,3,12,4,2,3,2,1,0,1,2,0,0,2,0,1,0,1,0,0,0,0,0,1,0,NoSenotherapeutic,0
PHENOLPHTHALEIN,O=C1OC(c2ccc(O)cc2)(c2ccc(O)cc2)c2ccccc21,CHEMBL63857,carcinogenicity,Withdrawn,318.327,318.08921,3.5382,-3.06,4,2,230.14,0.21396,66.76,-1.2682,0.45833,0.33443,0.81766,1,24,4,0,4,0,2,4,18,4,9,4,3,1,0,1,3,0,0,3,0,1,0,0,0,0,0,0,0,0,0,NoSenotherapeutic,0
CANRENONE,C[C@]12CCC(=O)C=C1C=C[C@@H]1[C@@H]2CC[C@@]2(C)[C@H]1CC[C@@]21CCC(=O)O1,CHEMBL1463345,carcinogenicity,Withdrawn,340.461,340.203845,3.3562,-4.438,3,0,246.04,0.14664,43.37,-2.9132,0.52,0.15396,0.98567,1,25,3,0,3,6,0,5,0,17,0,5,4,1,3,5,0,2,4,0,1,1,0,0,0,0,0,0,0,0,0,NoSenotherapeutic,0
PHENOTHRIN,CC(C)=CC1C(C(=O)OCc2cccc(Oc3ccccc3)c2)C1(C)C,CHEMBL1322884,carcinogenicity,Withdrawn,350.456,350.188195,5.3937,-5.656,3,0,280.19,0.11792,35.53,-0.023795,0.61538,0.55486,0.73864,1,26,3,0,3,2,7,3,12,10,4,3,3,0,1,1,2,1,1,2,0,0,0,0,0,0,0,0,0,0,0,NoSenotherapeutic,0
PERMETHRIN,CC1(C)C(C=C(Cl)Cl)C1C(=O)OCc1cccc(Oc2ccccc2)c1,CHEMBL1525,carcinogenicity,Withdrawn,391.293,390.078949,5.8089,-6.469,3,0,286.51,0.11532,35.53,0.92471,0.61538,0.55486,0.75032,1,26,5,0,5,2,7,3,12,8,4,3,3,0,1,1,2,1,1,2,0,0,0,0,0,0,0,0,0,0,0,NoSenotherapeutic,0
Paclitaxel,CC1=C2C(C(=O)C3(C(CC4C(C3C(C(C2(C)C)(CC1OC(=O)C(C(C5=CC=CC=C5)NC(=O)C6=CC=CC=C6)O)O)OC(=O)C7=CC=CC=C7)(CO4)OC(=O)C)O)C)OC(=O)C,NA,No senolytic,approved,853.915,853.330959,3.188,-6.289,15,4,605.19,0.29577,221.29,0.82049,0.32258,0.38593,1.0822,1,62,15,0,15,11,14,7,18,29,7,6,5,1,2,3,3,1,2,3,1,1,0,1,0,0,0,0,0,0,0,NoSenotherapeutic,0
Taraxerone,CC1(CCC2(CC=C3C4(CCC5C(C(=O)CCC5(C4CCC3(C2C1)C)C)(C)C)C)C)C,NA,No senolytic,approved,424.71,424.370515,7.4843,-6.704,1,0,324.1,0.040234,17.07,-4.4575,0.41935,0.3037,0.96627,1,31,1,0,1,7,0,5,0,27,2,5,5,0,4,5,0,4,5,0,0,0,0,0,0,0,0,0,0,0,0,NoSenotherapeutic,0
Nitrilotriacetic acid,C(C(=O)O)N(CC(=O)O)CC(=O)O,NA,No senolytic,approved,191.138,191.042989,-3.8594,0.868,7,3,137.38,0.59667,115.14,-8.1014,0.53846,0.7624,0.49074,1,13,7,0,7,0,6,0,0,7,8,0,0,0,0,0,0,0,0,0,0,0,0,0,1,1,0,0,1,3,0,NoSenotherapeutic,0
Ferric nitrilotriacetate,C(C(=O)[O-])N(CC(=O)[O-])CC(=O)[O-].[Fe+3],NA,No senolytic,approved,243.96,191.042989,-3.8594,0.868,7,3,137.38,0.59667,115.14,-8.1014,0.53846,0.7624,0.49074,2,13,7,0,7,0,6,0,0,7,8,0,0,0,0,0,0,0,0,0,0,0,0,0,1,1,0,0,1,3,0,NoSenotherapeutic,0
Fulvalene,C1=CC(=C2C=CC=C2)C=C1,NA,No senolytic,approved,128.174,128.0626,1.9462,-1.884,0,0,115.42,0,0,-0.74083,0.6,0,0.49698,1,10,0,0,0,0,0,2,0,0,7,2,2,0,0,2,0,0,2,0,0,0,0,0,0,0,0,0,0,0,0,NoSenotherapeutic,0
"Tetrabenzo[5,7]fulvalene",C1=CC=C2C(=C1)C=CC3=CC=CC=C3C2=C4C5=CC=CC=C5C6=CC=CC=C64,NA,No senolytic,approved,354.451,354.14085,7.1562,-8.212,0,0,274.96,0,0,-1.0458,0.35714,0.092292,0.88752,1,28,0,0,0,0,0,6,24,0,13,6,6,0,0,2,4,0,2,4,0,0,0,0,0,0,0,0,0,0,0,NoSenotherapeutic,0
Guayulin C,CC1(C2C1C3C(CCC3(C)O)C(=C)CC2OC(=O)C=CC4=CC=CC=C4)C,NA,No senolytic,approved,366.499,366.219495,4.5801,-4.893,3,1,277.49,0.13024,46.53,-6.0127,0.51852,0.30027,0.87927,1,27,3,0,3,6,4,4,6,15,3,4,4,0,3,3,1,3,3,1,0,0,0,0,0,0,0,0,0,0,0,NoSenotherapeutic,0
Midazolam,CC1=NC=C2N1C3=C(C=C(C=C3)Cl)C(=NC2)C4=CC=CC=C4F,NA,No senolytic,approved,325.773,325.078202,3.2751,-6.815,3,0,238,0.12332,30.18,2.7386,0.43478,0.18345,0.90475,1,23,5,0,5,0,1,4,17,2,0,4,2,2,0,1,3,0,0,2,0,1,1,0,0,0,0,2,0,0,0,NoSenotherapeutic,0
"2,4-Dinitrophenyl thiocyanate",C1=CC(=C(C=C1[N+](=O)[O-])[N+](=O)[O-])SC#N,NA,No senolytic,approved,225.184,224.984427,0.0246,-3.145,7,0,159.8,0.57503,140.73,-10.46,0.6,0.45571,0.69969,1,15,8,0,8,0,3,1,6,3,0,1,1,0,0,0,1,0,0,1,0,0,0,0,0,0,0,0,0,0,0,NoSenotherapeutic,0
Niravoline,CN(C1C(CC2=CC=CC=C12)N3CCCC3)C(=O)CC4=CC(=CC=C4)[N+](=O)[O-],NA,No senolytic,approved,379.459,379.189592,2.7047,-3.314,6,0,287.86,0.17564,69.37,0.45139,0.46429,0.53819,0.87275,1,28,6,0,6,2,5,4,12,11,2,4,3,1,1,2,2,0,1,2,1,1,0,1,1,1,0,0,1,0,0,NoSenotherapeutic,0
Dronabinol,CCCCCC1=CC(=C2C3C=C(CCC3C(OC2=C1)(C)C)C)O,NA,No senolytic,approved,314.467,314.22458,6.131,-4.807,2,1,254.33,0.090827,29.46,-11.786,0.56522,0.37623,0.90011,1,23,2,0,2,2,4,3,6,15,1,3,2,1,0,2,1,0,1,1,0,1,0,0,0,0,0,0,0,0,0,NoSenotherapeutic,0
Scopolamine,CN1C2CC(CC1C3C2O3)OC(=O)C(CO)C4=CC=CC=C4,NA,No senolytic,approved,303.357,303.147059,0.779,-2.295,5,1,223.35,0.25673,62.3,2.875,0.54545,0.3741,0.80291,1,22,5,0,5,5,5,4,6,14,5,6,2,4,5,5,1,1,1,1,4,4,0,0,1,1,0,0,1,0,0,NoSenotherapeutic,0
Scopoletin,COC1=C(C=C2C(=C1)C=CC(=O)O2)O,NA,No senolytic,approved,192.17,192.04226,1.0817,-2.092,4,1,142.62,0.32352,55.76,-3.0612,0.64286,0.13351,0.73114,1,14,4,0,4,0,1,2,6,4,0,2,1,1,0,1,1,0,0,1,0,1,0,0,0,0,0,0,0,0,0,NoSenotherapeutic,0
Benzedrone,CC1=CC=C(C=C1)C(=O)C(C)NCC2=CC=CC=C2,NA,No senolytic,approved,253.344,253.146664,2.6791,-3.83,2,1,213.01,0.11502,29.1,3.5826,0.68421,0.5359,0.60279,1,19,2,0,2,1,5,2,12,5,4,2,2,0,0,0,2,0,0,2,0,0,0,0,1,1,0,0,1,0,0,NoSenotherapeutic,0
